customer_id,acq_month,channel,geo,income_band,acq_type,monthly_fee,observed_tenure_months,status,revenue_to_date,acquisition_cost
C1000,2025-01,paid_social,US,mid,full_price,15,2,churned,30.0,34.29
C1001,2025-02,referral,US,low,discount,13,1,churned,13.0,13.87
C1002,2025-03,referral,CA,high,full_price,17,8,active,154.0,13.9
C1003,2025-04,search,CA,low,full_price,15,7,active,98.0,29.7
C1004,2025-05,paid_social,UK,low,discount,17,2,churned,34.0,26.73
C1005,2025-06,referral,UK,high,discount,17,5,active,85.0,8.57
C1006,2025-01,referral,UK,mid,full_price,15,10,active,168.0,14.04
C1007,2025-02,search,US,high,full_price,17,9,active,177.0,20.69
C1008,2025-03,referral,UK,high,full_price,17,8,active,154.0,13.92
C1009,2025-04,paid_social,IN,mid,discount,15,1,churned,17.25,19.94
C1010,2025-05,referral,UK,low,discount,13,6,active,43.0,12.71
C1011,2025-06,paid_social,IN,high,discount,17,5,active,74.0,32.76
C1012,2025-01,paid_social,CA,low,full_price,13,4,churned,58.0,31.25
C1013,2025-02,paid_social,CA,low,discount,15,9,churned,149.0,35.72
C1014,2025-03,search,US,high,full_price,17,8,active,146.0,17.53
C1015,2025-04,search,UK,high,full_price,15,7,active,98.0,21.79
C1016,2025-05,paid_social,IN,mid,discount,15,5,churned,91.25,23.08
C1017,2025-06,referral,US,low,discount,15,4,churned,60.0,9.23
C1018,2025-01,search,US,low,discount,13,6,churned,78.0,19.48
C1019,2025-02,referral,US,high,full_price,17,9,active,165.0,13.82
C1020,2025-03,paid_social,US,low,discount,13,3,churned,39.0,36.03
C1021,2025-04,search,US,low,full_price,15,7,active,85.0,25.36
C1022,2025-05,search,IN,mid,full_price,15,6,active,102.0,22.7
C1023,2025-06,search,IN,mid,discount,15,2,churned,42.0,15.22
C1024,2025-01,referral,IN,low,discount,13,2,churned,22.75,8.77
C1025,2025-02,search,US,mid,discount,15,1,churned,15.0,19.81
C1026,2025-03,paid_social,UK,mid,discount,15,1,churned,7.5,22.34
C1027,2025-04,search,CA,mid,full_price,15,7,active,113.0,20.48
C1028,2025-05,search,UK,low,discount,17,6,active,108.0,22.06
C1029,2025-06,search,UK,high,full_price,17,5,active,93.0,9.75
C1030,2025-01,referral,CA,high,full_price,13,10,active,135.0,17.85
C1031,2025-02,search,US,high,full_price,13,6,churned,81.0,26.99
C1032,2025-03,search,US,low,full_price,13,8,active,104.0,23.33
C1033,2025-04,referral,UK,mid,discount,15,7,active,111.0,2.25
C1034,2025-05,search,UK,high,full_price,15,6,active,106.0,24.25
C1035,2025-06,referral,UK,high,full_price,15,5,active,60.0,8.62
C1036,2025-01,search,IN,low,discount,13,2,churned,26.0,19.98
C1037,2025-02,referral,CA,high,full_price,15,9,active,139.0,13.25
C1038,2025-03,search,IN,low,full_price,13,8,active,114.0,13.58
C1039,2025-04,paid_social,UK,low,discount,17,7,active,108.0,31.05
C1040,2025-05,paid_social,IN,low,discount,15,4,churned,64.25,31.23
C1041,2025-06,referral,IN,mid,discount,17,3,churned,29.5,12.84
C1042,2025-01,paid_social,UK,mid,discount,15,5,churned,62.25,14.36
C1043,2025-02,paid_social,CA,high,full_price,17,9,active,159.0,18.63
C1044,2025-03,paid_social,CA,high,full_price,17,8,active,160.0,35.11
C1045,2025-04,referral,CA,high,full_price,13,7,active,95.0,15.23
C1046,2025-05,paid_social,UK,low,discount,13,6,active,78.0,24.01
C1047,2025-06,paid_social,US,mid,discount,15,5,active,75.0,27.29
C1048,2025-01,referral,US,low,full_price,13,10,active,104.0,13.66
C1049,2025-02,referral,IN,mid,discount,15,5,churned,75.0,10.61
C1050,2025-03,referral,IN,low,discount,13,2,churned,26.0,7.53
C1051,2025-04,paid_social,IN,low,discount,13,5,churned,64.5,23.9
C1052,2025-05,paid_social,US,mid,full_price,15,6,active,90.0,22.27
C1053,2025-06,paid_social,CA,mid,full_price,17,5,active,85.0,26.9
C1054,2025-01,referral,US,high,full_price,15,10,active,139.0,8.52
C1055,2025-02,paid_social,CA,mid,discount,17,7,churned,135.0,31.77
C1056,2025-03,referral,UK,low,discount,13,1,churned,13.0,10.15
C1057,2025-04,search,US,mid,full_price,13,7,active,97.0,21.18
C1058,2025-05,referral,CA,mid,full_price,17,6,active,108.0,12.05
C1059,2025-06,search,IN,mid,discount,15,1,churned,15.0,25.27
C1060,2025-01,referral,IN,mid,discount,17,8,churned,141.5,9.33
C1061,2025-02,referral,US,mid,discount,15,5,churned,75.0,12.91
C1062,2025-03,search,IN,low,discount,13,1,churned,13.0,22.51
C1063,2025-04,referral,UK,low,discount,13,2,churned,26.0,10.91
C1064,2025-05,search,CA,high,full_price,15,6,active,96.0,21.7
C1065,2025-06,referral,US,low,discount,13,5,active,65.0,11.28
C1066,2025-01,paid_social,US,low,discount,13,10,active,127.0,27.58
C1067,2025-02,referral,UK,mid,discount,15,8,churned,134.0,9.45
C1068,2025-03,search,IN,mid,discount,17,6,churned,108.0,20.22
C1069,2025-04,search,CA,mid,full_price,15,7,active,105.0,19.68
C1070,2025-05,referral,IN,mid,discount,17,1,churned,17.0,6.36
C1071,2025-06,paid_social,IN,mid,discount,13,1,churned,13.0,22.38
C1072,2025-01,search,US,high,full_price,15,10,active,154.0,21.9
C1073,2025-02,search,US,low,full_price,13,5,churned,69.0,27.17
C1074,2025-03,paid_social,US,low,full_price,17,8,active,148.0,40.31
C1075,2025-04,referral,IN,mid,discount,15,7,churned,111.0,15.63
C1076,2025-05,paid_social,UK,low,discount,13,6,active,78.0,24.01
C1077,2025-06,search,IN,low,discount,13,1,churned,6.5,21.46
C1078,2025-01,referral,UK,high,discount,17,2,churned,34.0,14.5
C1079,2025-02,paid_social,UK,mid,discount,15,2,churned,30.0,33.43
C1080,2025-03,referral,CA,mid,full_price,17,8,active,144.0,6.59
C1081,2025-04,search,CA,mid,full_price,17,7,active,125.0,18.32
C1082,2025-05,paid_social,CA,low,discount,13,2,churned,26.0,31.69
C1083,2025-06,paid_social,US,high,full_price,15,5,active,81.0,26.62
C1084,2025-01,search,UK,low,discount,13,7,churned,106.5,24.5
C1085,2025-02,referral,UK,low,discount,13,9,churned,116.0,9.36
C1086,2025-03,referral,IN,low,discount,13,2,churned,26.0,5.21
C1087,2025-04,referral,CA,mid,discount,15,4,churned,52.5,7.73
C1088,2025-05,paid_social,US,low,discount,15,3,churned,47.25,30.63
C1089,2025-06,paid_social,US,high,full_price,17,5,active,99.0,28.59
C1090,2025-01,paid_social,IN,low,discount,17,5,churned,80.5,21.05
C1091,2025-02,referral,US,mid,discount,15,3,churned,53.0,9.33
C1092,2025-03,paid_social,UK,low,discount,13,5,churned,65.0,38.29
C1093,2025-04,search,US,mid,full_price,15,7,active,123.0,20.41
C1094,2025-05,search,CA,low,full_price,13,6,active,86.0,22.42
C1095,2025-06,search,US,low,full_price,13,5,active,52.0,22.7
C1096,2025-01,referral,UK,low,full_price,15,5,churned,77.25,15.44
C1097,2025-02,referral,UK,mid,discount,15,9,active,139.0,9.91
C1098,2025-03,search,US,high,full_price,17,8,active,150.0,18.13
C1099,2025-04,paid_social,CA,low,full_price,13,7,active,91.0,35.27
C1100,2025-05,paid_social,US,mid,discount,17,6,active,102.0,32.52
C1101,2025-06,search,CA,mid,full_price,15,5,active,79.0,26.54
C1102,2025-01,referral,CA,low,full_price,13,8,churned,116.0,15.2
C1103,2025-02,referral,UK,low,discount,13,5,churned,52.0,12.89
C1104,2025-03,search,UK,low,discount,13,1,churned,19.0,21.85
C1105,2025-04,search,IN,low,full_price,15,7,active,96.0,12.64
C1106,2025-05,paid_social,UK,low,discount,13,1,churned,9.75,32.58
C1107,2025-06,search,IN,low,discount,13,5,active,56.0,21.97
C1108,2025-01,search,CA,high,full_price,17,9,churned,105.5,24.42
C1109,2025-02,paid_social,CA,low,full_price,13,6,churned,79.5,23.21
C1110,2025-03,paid_social,US,mid,full_price,13,8,active,91.0,23.35
C1111,2025-04,referral,US,high,discount,15,2,churned,22.5,8.47
C1112,2025-05,paid_social,IN,mid,full_price,13,6,active,78.0,26.72
C1113,2025-06,paid_social,UK,high,discount,17,5,active,85.0,32.38
C1114,2025-01,paid_social,UK,low,discount,13,8,churned,91.0,21.41
C1115,2025-02,referral,UK,mid,full_price,15,5,churned,71.25,7.57
C1116,2025-03,paid_social,US,low,discount,13,6,churned,94.0,26.35
C1117,2025-04,search,UK,mid,full_price,15,7,active,113.0,31.28
C1118,2025-05,referral,UK,high,full_price,13,6,active,88.0,12.58
C1119,2025-06,referral,UK,low,discount,13,1,churned,13.0,7.11
C1120,2025-01,referral,IN,low,discount,13,7,churned,99.0,11.56
C1121,2025-02,paid_social,CA,low,full_price,13,2,churned,9.75,31.08
C1122,2025-03,paid_social,US,low,discount,15,2,churned,26.25,24.9
C1123,2025-04,referral,US,mid,full_price,17,7,active,102.0,11.25
C1124,2025-05,referral,IN,mid,discount,15,3,churned,41.5,14.67
C1125,2025-06,referral,US,mid,full_price,17,5,active,89.0,13.92
C1126,2025-01,referral,IN,mid,discount,15,1,churned,15.0,8.63
C1127,2025-02,search,IN,high,full_price,15,9,active,141.0,19.99
C1128,2025-03,referral,UK,low,discount,13,3,churned,44.5,14.29
C1129,2025-04,search,US,low,discount,13,5,churned,71.0,24.83
C1130,2025-05,referral,UK,high,full_price,17,1,churned,8.5,13.85
C1131,2025-06,search,IN,low,discount,15,5,churned,83.0,25.85
C1132,2025-01,referral,UK,low,discount,13,5,churned,52.0,13.3
C1133,2025-02,paid_social,CA,mid,discount,15,9,active,124.0,26.25
C1134,2025-03,search,IN,low,full_price,13,8,active,112.0,21.29
C1135,2025-04,referral,US,mid,discount,15,7,churned,121.0,11.72
C1136,2025-05,search,IN,mid,discount,15,3,churned,37.5,17.27
C1137,2025-06,referral,UK,low,discount,13,2,churned,26.0,12.7
C1138,2025-01,search,IN,mid,full_price,15,10,active,164.0,21.02
C1139,2025-02,search,US,high,discount,17,7,churned,122.5,20.94
C1140,2025-03,paid_social,IN,mid,full_price,15,8,active,94.0,26.16
C1141,2025-04,paid_social,US,high,full_price,17,7,active,127.0,26.12
C1142,2025-05,paid_social,UK,mid,full_price,13,6,active,86.0,28.67
C1143,2025-06,referral,US,mid,discount,15,1,churned,15.0,9.65
C1144,2025-01,referral,CA,mid,discount,15,10,active,150.0,14.14
C1145,2025-02,search,IN,low,full_price,15,9,active,157.0,18.06
C1146,2025-03,referral,CA,high,full_price,15,8,active,119.0,10.82
C1147,2025-04,referral,US,mid,discount,13,5,churned,62.5,5.55
C1148,2025-05,referral,US,mid,discount,15,3,churned,45.0,12.06
C1149,2025-06,referral,IN,mid,discount,15,5,active,75.0,11.82
C1150,2025-01,paid_social,US,mid,full_price,15,10,active,135.0,30.8
C1151,2025-02,search,US,high,full_price,17,9,active,183.0,17.89
C1152,2025-03,paid_social,UK,low,full_price,13,8,active,104.0,26.19
C1153,2025-04,paid_social,IN,mid,full_price,17,7,active,125.0,16.95
C1154,2025-05,search,UK,low,full_price,17,6,active,91.0,21.28
C1155,2025-06,paid_social,CA,low,full_price,15,5,active,81.0,23.59
C1156,2025-01,referral,US,mid,discount,15,2,churned,42.0,11.83
C1157,2025-02,paid_social,US,mid,full_price,15,9,active,159.0,29.28
C1158,2025-03,referral,IN,mid,discount,15,8,active,128.0,10.67
C1159,2025-04,search,CA,low,full_price,13,7,active,78.0,19.11
C1160,2025-05,paid_social,US,mid,discount,17,6,active,102.0,30.55
C1161,2025-06,referral,CA,low,full_price,13,5,active,69.0,8.59
C1162,2025-01,paid_social,US,high,full_price,15,10,active,158.0,25.3
C1163,2025-02,referral,IN,low,discount,15,2,churned,30.0,13.01
C1164,2025-03,search,US,low,full_price,15,8,active,113.0,24.49
C1165,2025-04,paid_social,IN,low,discount,13,2,churned,19.0,31.19
C1166,2025-05,search,UK,mid,full_price,15,6,active,96.0,23.04
C1167,2025-06,search,IN,high,discount,17,5,active,97.0,23.18
C1168,2025-01,search,CA,mid,full_price,13,10,active,148.0,25.22
C1169,2025-02,paid_social,UK,high,full_price,15,9,active,143.0,22.98
C1170,2025-03,paid_social,US,low,full_price,13,8,active,108.0,31.78
C1171,2025-04,paid_social,IN,mid,discount,15,2,churned,30.0,23.36
C1172,2025-05,paid_social,IN,mid,discount,15,3,churned,45.0,16.95
C1173,2025-06,referral,US,low,discount,17,1,churned,12.75,9.72
C1174,2025-01,search,CA,low,discount,13,10,churned,126.75,22.57
C1175,2025-02,paid_social,CA,low,discount,15,3,churned,37.5,31.63
C1176,2025-03,referral,UK,low,discount,15,7,churned,96.0,9.81
C1177,2025-04,search,US,low,full_price,13,7,active,95.0,24.64
C1178,2025-05,search,US,low,full_price,15,6,active,75.0,22.83
C1179,2025-06,paid_social,US,low,full_price,15,5,churned,79.0,7.23
C1180,2025-01,referral,IN,mid,discount,13,10,active,148.0,11.61
C1181,2025-02,search,CA,high,full_price,15,9,active,124.0,24.48
C1182,2025-03,referral,CA,mid,full_price,13,8,active,104.0,10.78
C1183,2025-04,paid_social,CA,low,discount,15,1,churned,11.25,30.63
C1184,2025-05,paid_social,IN,high,full_price,17,6,active,106.0,39.74
C1185,2025-06,referral,IN,low,discount,13,3,churned,38.5,7.46
C1186,2025-01,search,UK,mid,full_price,15,10,active,158.0,23.01
C1187,2025-02,paid_social,US,low,discount,17,6,churned,97.0,27.1
C1188,2025-03,referral,US,low,full_price,13,6,churned,86.0,12.14
C1189,2025-04,search,US,low,discount,17,7,active,125.0,16.92
C1190,2025-05,referral,US,low,discount,15,1,churned,15.0,7.47
C1191,2025-06,paid_social,US,high,full_price,15,5,active,75.0,23.51
C1192,2025-01,search,CA,mid,full_price,15,6,churned,71.25,22.28
C1193,2025-02,search,IN,high,full_price,15,6,churned,98.0,28.06
C1194,2025-03,paid_social,US,mid,full_price,15,6,churned,90.5,27.69
C1195,2025-04,search,CA,low,full_price,13,7,active,99.0,18.33
C1196,2025-05,referral,US,low,discount,13,2,churned,26.0,10.59
C1197,2025-06,search,UK,mid,full_price,15,5,active,64.0,12.76
C1198,2025-01,referral,UK,mid,discount,15,2,churned,30.0,9.48
C1199,2025-02,referral,IN,mid,discount,17,5,churned,85.0,14.07
C1200,2025-03,referral,US,mid,discount,15,1,churned,11.25,6.02
C1201,2025-04,paid_social,UK,mid,full_price,15,7,active,90.0,39.82
C1202,2025-05,search,CA,low,full_price,13,6,active,73.0,25.1
C1203,2025-06,search,CA,low,full_price,15,5,active,81.0,20.57
C1204,2025-01,search,UK,mid,full_price,15,5,churned,56.25,26.89
C1205,2025-02,search,US,low,full_price,13,9,active,108.0,26.74
C1206,2025-03,search,US,high,full_price,17,1,churned,25.0,28.92
C1207,2025-04,referral,US,mid,discount,17,7,active,131.0,15.03
C1208,2025-05,paid_social,IN,low,discount,13,6,churned,88.0,33.47
C1209,2025-06,search,UK,mid,full_price,13,5,active,75.0,21.62
C1210,2025-01,paid_social,UK,high,full_price,15,10,active,182.0,26.29
C1211,2025-02,search,US,mid,full_price,17,9,active,181.0,13.76
C1212,2025-03,referral,IN,high,discount,15,1,churned,11.25,15.74
C1213,2025-04,search,IN,mid,discount,15,5,churned,56.25,22.5
C1214,2025-05,paid_social,IN,low,discount,13,2,churned,26.0,31.18
C1215,2025-06,search,IN,mid,full_price,15,5,active,83.0,12.88
C1216,2025-01,search,US,mid,full_price,15,10,active,162.0,16.29
C1217,2025-02,referral,IN,mid,discount,15,3,churned,41.25,12.41
C1218,2025-03,referral,US,low,discount,13,8,active,99.0,7.99
C1219,2025-04,paid_social,CA,mid,full_price,13,7,active,95.0,22.04
C1220,2025-05,paid_social,US,mid,full_price,15,6,active,90.0,28.38
C1221,2025-06,search,US,high,discount,17,5,active,93.0,25.97
C1222,2025-01,referral,US,high,full_price,15,10,active,135.0,8.03
C1223,2025-02,search,US,low,full_price,15,9,active,145.0,15.78
C1224,2025-03,referral,CA,mid,discount,15,8,active,96.0,4.19
C1225,2025-04,paid_social,US,mid,full_price,15,7,active,96.0,31.18
C1226,2025-05,search,CA,low,full_price,13,6,active,82.0,23.13
C1227,2025-06,paid_social,IN,high,full_price,13,5,active,73.0,21.8
C1228,2025-01,paid_social,UK,mid,full_price,17,10,active,153.0,29.99
C1229,2025-02,paid_social,UK,low,discount,13,1,churned,17.0,36.72
C1230,2025-03,paid_social,IN,mid,full_price,15,8,active,148.0,25.09
C1231,2025-04,search,IN,low,discount,13,7,active,91.0,25.4
C1232,2025-05,referral,CA,mid,full_price,13,5,churned,61.75,12.71
C1233,2025-06,paid_social,IN,mid,discount,17,1,churned,20.75,29.55
C1234,2025-01,referral,IN,high,discount,17,10,active,188.0,13.88
C1235,2025-02,paid_social,IN,low,discount,13,5,churned,71.0,27.13
C1236,2025-03,search,IN,low,discount,13,1,churned,13.0,20.14
C1237,2025-04,search,IN,high,full_price,17,7,active,114.0,26.54
C1238,2025-05,paid_social,CA,low,full_price,13,1,churned,21.0,31.24
C1239,2025-06,referral,US,mid,discount,13,5,active,75.0,10.49
C1240,2025-01,search,US,mid,discount,13,2,churned,26.0,23.25
C1241,2025-02,referral,UK,mid,full_price,15,9,active,130.0,17.98
C1242,2025-03,referral,UK,high,discount,17,3,churned,46.75,9.79
C1243,2025-04,search,CA,low,full_price,15,7,active,75.0,27.07
C1244,2025-05,paid_social,CA,mid,discount,15,6,active,104.0,28.61
C1245,2025-06,search,US,mid,full_price,15,5,active,79.0,20.21
C1246,2025-01,search,IN,low,discount,13,5,churned,61.75,15.5
C1247,2025-02,paid_social,US,mid,full_price,15,9,active,143.0,32.28
C1248,2025-03,paid_social,US,low,discount,13,7,churned,94.0,41.44
C1249,2025-04,referral,US,low,full_price,13,7,active,84.0,7.84
C1250,2025-05,paid_social,UK,mid,full_price,13,6,active,92.0,22.85
C1251,2025-06,search,UK,low,discount,13,3,churned,44.5,28.8
C1252,2025-01,paid_social,IN,low,discount,13,3,churned,39.0,30.95
C1253,2025-02,referral,IN,low,discount,15,9,active,141.0,14.29
C1254,2025-03,referral,UK,low,full_price,13,8,active,103.0,8.2
C1255,2025-04,referral,US,mid,full_price,17,7,active,118.0,9.13
C1256,2025-05,referral,IN,low,discount,13,6,active,69.0,9.73
C1257,2025-06,referral,US,low,discount,13,5,active,65.0,20.5
C1258,2025-01,search,US,low,full_price,15,10,active,149.0,34.69
C1259,2025-02,referral,IN,low,discount,13,5,churned,65.0,14.26
C1260,2025-03,paid_social,UK,high,full_price,17,8,active,144.0,35.63
C1261,2025-04,search,IN,mid,discount,13,7,active,90.0,14.47
C1262,2025-05,paid_social,CA,mid,full_price,15,6,active,90.0,33.62
C1263,2025-06,referral,UK,high,discount,17,2,churned,34.0,10.66
C1264,2025-01,search,US,high,full_price,17,8,churned,150.0,14.96
C1265,2025-02,search,IN,mid,discount,13,2,churned,27.5,28.32
C1266,2025-03,paid_social,CA,high,discount,13,6,churned,71.0,24.22
C1267,2025-04,referral,US,high,full_price,15,7,active,96.0,13.27
C1268,2025-05,paid_social,US,mid,full_price,13,4,churned,51.5,28.31
C1269,2025-06,search,US,low,discount,13,1,churned,-3.25,14.78
C1270,2025-01,paid_social,UK,low,discount,13,9,churned,108.0,28.4
C1271,2025-02,referral,UK,low,discount,13,3,churned,39.0,11.11
C1272,2025-03,search,UK,mid,full_price,13,4,churned,53.5,9.18
C1273,2025-04,search,US,low,full_price,13,7,active,91.0,20.37
C1274,2025-05,referral,US,low,full_price,15,6,active,87.0,12.7
C1275,2025-06,search,CA,low,full_price,13,5,active,73.0,18.87
C1276,2025-01,search,UK,low,discount,13,1,churned,17.0,25.92
C1277,2025-02,search,US,high,discount,17,9,churned,159.0,17.34
C1278,2025-03,search,US,high,full_price,17,8,active,89.0,29.19
C1279,2025-04,paid_social,UK,low,discount,13,7,churned,97.0,31.95
C1280,2025-05,referral,US,mid,full_price,13,6,active,94.0,3.9
C1281,2025-06,paid_social,IN,mid,discount,17,5,active,85.0,24.13
C1282,2025-01,paid_social,UK,mid,discount,15,3,churned,49.0,24.74
C1283,2025-02,search,UK,low,full_price,15,9,active,128.0,24.34
C1284,2025-03,paid_social,UK,low,full_price,13,1,churned,6.5,16.09
C1285,2025-04,paid_social,IN,mid,discount,15,1,churned,21.0,35.93
C1286,2025-05,paid_social,US,mid,discount,17,2,churned,34.0,25.81
C1287,2025-06,search,IN,low,discount,13,5,active,79.0,23.23
C1288,2025-01,search,IN,low,discount,13,10,active,140.0,23.85
C1289,2025-02,search,UK,high,full_price,17,9,active,153.0,26.68
C1290,2025-03,paid_social,US,high,full_price,17,8,active,136.0,29.73
C1291,2025-04,referral,UK,low,discount,13,2,churned,26.0,11.42
C1292,2025-05,paid_social,UK,low,discount,13,6,active,78.0,29.25
C1293,2025-06,paid_social,IN,low,discount,13,1,churned,13.0,27.21
C1294,2025-01,referral,US,high,discount,17,2,churned,34.0,10.38
C1295,2025-02,referral,IN,low,discount,13,9,active,104.0,11.65
C1296,2025-03,search,CA,low,full_price,13,8,active,110.0,24.9
C1297,2025-04,referral,IN,mid,discount,17,7,active,125.0,11.28
C1298,2025-05,referral,IN,low,discount,13,6,active,82.0,14.26
C1299,2025-06,referral,CA,high,full_price,17,5,active,91.0,8.98
C1300,2025-01,paid_social,CA,mid,full_price,13,10,active,138.0,33.21
C1301,2025-02,referral,IN,high,discount,17,9,active,161.0,12.61
C1302,2025-03,referral,US,high,discount,15,2,churned,30.0,8.76
C1303,2025-04,referral,US,low,discount,13,3,churned,38.5,10.56
C1304,2025-05,search,US,low,full_price,13,6,active,90.0,15.71
C1305,2025-06,search,US,high,full_price,13,5,active,65.0,15.81
C1306,2025-01,paid_social,US,low,full_price,13,10,active,133.0,25.04
C1307,2025-02,search,UK,mid,full_price,15,9,active,149.0,15.23
C1308,2025-03,referral,CA,high,discount,13,1,churned,21.0,11.54
C1309,2025-04,search,US,high,full_price,17,7,active,125.0,25.86
C1310,2025-05,paid_social,US,low,full_price,13,6,active,88.0,26.35
C1311,2025-06,paid_social,IN,low,discount,13,5,active,65.0,36.23
C1312,2025-01,paid_social,CA,mid,full_price,17,10,active,170.0,31.9
C1313,2025-02,search,US,high,full_price,15,7,churned,109.0,16.73
C1314,2025-03,search,US,mid,discount,15,7,churned,97.5,18.55
C1315,2025-04,search,US,low,full_price,15,7,active,105.0,22.22
C1316,2025-05,referral,US,low,full_price,13,6,active,84.0,11.06
C1317,2025-06,search,CA,mid,full_price,17,5,active,93.0,23.11
C1318,2025-01,referral,IN,low,discount,13,8,churned,91.0,6.5
C1319,2025-02,paid_social,US,low,full_price,13,9,active,125.0,29.62
C1320,2025-03,referral,US,high,full_price,15,8,active,112.0,10.37
C1321,2025-04,search,UK,low,full_price,13,7,active,97.0,23.1
C1322,2025-05,paid_social,UK,mid,discount,17,6,active,110.0,31.61
C1323,2025-06,search,US,mid,full_price,15,5,active,68.0,29.56
C1324,2025-01,paid_social,IN,low,discount,15,10,active,160.0,41.44
C1325,2025-02,search,UK,high,full_price,17,9,active,153.0,22.59
C1326,2025-03,search,CA,low,full_price,15,8,active,121.0,22.94
C1327,2025-04,search,CA,low,full_price,13,7,active,99.0,20.83
C1328,2025-05,paid_social,UK,low,discount,13,6,active,75.0,40.82
C1329,2025-06,referral,CA,high,full_price,15,5,active,91.0,3.04
C1330,2025-01,referral,IN,low,discount,13,10,churned,106.75,12.12
C1331,2025-02,paid_social,US,mid,full_price,15,9,active,136.0,30.45
C1332,2025-03,referral,IN,mid,discount,15,2,churned,30.0,13.49
C1333,2025-04,search,US,low,discount,13,7,active,91.0,25.93
C1334,2025-05,search,US,low,discount,15,4,churned,60.0,25.33
C1335,2025-06,search,US,mid,full_price,17,5,active,93.0,20.83
C1336,2025-01,search,US,mid,full_price,15,10,active,121.0,22.36
C1337,2025-02,search,CA,high,full_price,17,9,active,144.0,22.9
C1338,2025-03,referral,UK,high,full_price,17,8,active,137.0,12.48
C1339,2025-04,search,UK,high,discount,17,2,churned,38.0,23.63
C1340,2025-05,referral,UK,mid,full_price,17,6,active,108.0,18.28
C1341,2025-06,referral,IN,mid,discount,15,5,churned,83.0,11.7
C1342,2025-01,search,US,mid,discount,17,4,churned,59.5,22.86
C1343,2025-02,search,CA,low,full_price,13,9,active,117.0,28.25
C1344,2025-03,search,US,low,full_price,13,8,active,122.0,30.58
C1345,2025-04,paid_social,US,high,full_price,17,7,active,125.0,31.54
C1346,2025-05,paid_social,US,high,full_price,17,6,active,108.0,34.57
C1347,2025-06,search,CA,low,full_price,13,5,active,71.0,28.92
C1348,2025-01,paid_social,US,low,discount,13,9,churned,118.0,28.17
C1349,2025-02,paid_social,IN,mid,discount,15,9,active,111.0,21.04
C1350,2025-03,search,CA,high,full_price,17,8,active,140.0,27.37
C1351,2025-04,paid_social,US,low,discount,13,2,churned,30.75,22.39
C1352,2025-05,referral,UK,low,discount,15,2,churned,30.0,5.85
C1353,2025-06,paid_social,UK,mid,full_price,15,4,churned,64.0,36.39
C1354,2025-01,paid_social,US,low,discount,13,6,churned,94.0,30.71
C1355,2025-02,paid_social,US,high,full_price,15,9,active,149.0,28.11
C1356,2025-03,paid_social,US,low,full_price,17,8,active,119.0,31.96
C1357,2025-04,paid_social,UK,mid,full_price,13,7,active,71.0,15.97
C1358,2025-05,paid_social,US,high,full_price,17,2,churned,34.0,24.28
C1359,2025-06,paid_social,US,mid,full_price,15,5,active,83.0,25.61
C1360,2025-01,search,UK,high,discount,15,10,active,141.0,19.49
C1361,2025-02,search,US,mid,full_price,17,4,churned,80.0,29.0
C1362,2025-03,search,UK,high,full_price,15,8,active,136.0,23.35
C1363,2025-04,referral,UK,high,discount,13,1,churned,13.0,4.57
C1364,2025-05,search,US,mid,full_price,15,6,active,98.0,18.5
C1365,2025-06,search,US,mid,full_price,17,5,active,93.0,19.98
C1366,2025-01,paid_social,US,mid,full_price,17,10,active,180.0,30.42
C1367,2025-02,referral,IN,low,discount,13,4,churned,66.0,10.32
C1368,2025-03,paid_social,IN,high,discount,15,1,churned,15.0,32.82
C1369,2025-04,search,IN,high,full_price,15,7,active,111.0,21.84
C1370,2025-05,referral,IN,low,discount,13,2,churned,23.5,12.81
C1371,2025-06,paid_social,US,mid,full_price,15,5,active,75.0,30.1
C1372,2025-01,paid_social,CA,mid,full_price,17,8,churned,149.5,21.89
C1373,2025-02,referral,CA,mid,full_price,17,9,active,119.0,10.62
C1374,2025-03,referral,US,low,discount,13,4,churned,52.0,11.97
C1375,2025-04,search,US,high,full_price,17,7,active,131.0,26.07
C1376,2025-05,search,IN,mid,full_price,17,6,active,106.0,19.18
C1377,2025-06,referral,IN,low,discount,15,1,churned,19.0,13.81
C1378,2025-01,search,IN,low,discount,13,5,churned,74.5,26.58
C1379,2025-02,referral,IN,mid,discount,15,9,active,143.0,13.64
C1380,2025-03,paid_social,US,mid,discount,15,3,churned,37.5,24.5
C1381,2025-04,referral,US,mid,full_price,13,7,active,99.0,9.76
C1382,2025-05,paid_social,IN,low,full_price,13,1,churned,13.0,26.91
C1383,2025-06,search,UK,high,full_price,15,5,active,75.0,29.94
C1384,2025-01,search,US,low,discount,15,1,churned,15.0,21.59
C1385,2025-02,paid_social,CA,mid,discount,15,6,churned,75.5,17.14
C1386,2025-03,referral,IN,low,discount,13,7,churned,84.0,7.84
C1387,2025-04,referral,IN,mid,discount,15,1,churned,15.0,7.81
C1388,2025-05,search,US,mid,full_price,13,6,active,88.0,16.61
C1389,2025-06,referral,CA,high,full_price,17,5,active,95.0,20.17
C1390,2025-01,paid_social,UK,low,discount,15,1,churned,7.5,31.95
C1391,2025-02,search,CA,high,full_price,15,9,active,135.0,16.69
C1392,2025-03,search,US,low,full_price,15,8,active,121.0,22.84
C1393,2025-04,paid_social,UK,high,full_price,17,7,active,102.0,20.96
C1394,2025-05,referral,CA,mid,full_price,15,6,active,90.0,18.61
C1395,2025-06,search,UK,low,full_price,17,5,active,93.0,15.9
C1396,2025-01,paid_social,US,high,full_price,17,3,churned,51.0,28.42
C1397,2025-02,referral,US,mid,discount,15,6,churned,75.5,10.7
C1398,2025-03,referral,CA,mid,full_price,13,8,churned,103.0,8.87
C1399,2025-04,referral,US,low,full_price,15,7,active,94.0,5.86
C1400,2025-05,paid_social,CA,mid,discount,13,5,churned,69.0,22.77
C1401,2025-06,search,US,mid,full_price,17,5,active,85.0,29.5
C1402,2025-01,paid_social,UK,low,discount,17,7,churned,127.0,38.89
C1403,2025-02,search,CA,high,full_price,17,9,active,157.0,12.91
C1404,2025-03,paid_social,UK,low,discount,13,4,churned,38.5,33.32
C1405,2025-04,referral,IN,low,discount,13,1,churned,13.0,10.14
C1406,2025-05,search,US,mid,discount,15,3,churned,41.25,19.82
C1407,2025-06,paid_social,IN,low,discount,13,4,churned,52.0,24.19
C1408,2025-01,paid_social,UK,mid,full_price,15,10,active,168.0,25.76
C1409,2025-02,paid_social,UK,mid,discount,15,1,churned,15.0,27.17
C1410,2025-03,search,US,mid,discount,15,8,churned,101.25,25.53
C1411,2025-04,paid_social,US,mid,full_price,13,7,active,97.0,21.48
C1412,2025-05,search,US,low,discount,13,3,churned,39.0,15.0
C1413,2025-06,search,US,mid,full_price,13,5,active,73.0,27.12
C1414,2025-01,referral,US,high,full_price,17,10,active,186.0,10.93
C1415,2025-02,paid_social,CA,low,full_price,13,8,churned,112.0,28.93
C1416,2025-03,referral,UK,low,full_price,13,7,churned,109.0,12.7
C1417,2025-04,paid_social,US,low,discount,13,7,active,105.0,32.6
C1418,2025-05,search,US,mid,full_price,13,6,active,78.0,30.3
C1419,2025-06,search,IN,mid,discount,13,5,active,65.0,25.01
C1420,2025-01,referral,UK,low,discount,15,8,churned,116.25,10.91
C1421,2025-02,referral,IN,mid,discount,17,8,churned,123.0,9.4
C1422,2025-03,paid_social,CA,low,full_price,13,8,active,108.0,24.32
C1423,2025-04,paid_social,US,mid,discount,17,7,active,123.0,27.75
C1424,2025-05,referral,US,low,discount,15,4,churned,41.25,14.51
C1425,2025-06,paid_social,UK,high,discount,17,2,churned,42.0,30.94
C1426,2025-01,paid_social,US,mid,discount,13,6,churned,73.0,35.56
C1427,2025-02,referral,US,low,discount,13,7,churned,95.75,6.47
C1428,2025-03,paid_social,US,low,discount,13,3,churned,40.5,35.1
C1429,2025-04,paid_social,UK,mid,full_price,13,7,active,78.0,29.47
C1430,2025-05,referral,IN,low,discount,13,6,active,81.0,8.4
C1431,2025-06,paid_social,US,mid,full_price,17,2,churned,29.75,15.37
C1432,2025-01,referral,US,mid,discount,15,7,churned,109.0,14.27
C1433,2025-02,search,UK,mid,full_price,13,9,active,95.0,23.48
C1434,2025-03,paid_social,US,mid,discount,17,1,churned,12.75,18.19
C1435,2025-04,search,UK,high,full_price,17,7,active,123.0,20.83
C1436,2025-05,paid_social,UK,mid,discount,15,6,churned,90.0,28.18
C1437,2025-06,paid_social,IN,high,discount,15,5,active,87.0,29.16
C1438,2025-01,referral,US,low,discount,13,1,churned,9.75,11.89
C1439,2025-02,referral,IN,high,full_price,17,9,active,167.0,8.7
C1440,2025-03,search,CA,mid,full_price,15,8,active,121.0,23.03
C1441,2025-04,referral,IN,low,discount,13,7,active,91.0,13.25
C1442,2025-05,search,US,high,full_price,17,6,active,110.0,20.24
C1443,2025-06,search,CA,high,discount,17,1,churned,17.0,22.33
C1444,2025-01,search,CA,high,full_price,17,10,active,184.0,14.28
C1445,2025-02,referral,IN,mid,discount,15,9,active,111.0,6.6
C1446,2025-03,search,UK,mid,full_price,13,8,churned,105.5,27.53
C1447,2025-04,search,US,low,full_price,15,7,active,121.0,14.61
C1448,2025-05,paid_social,US,low,discount,13,6,active,84.0,31.7
C1449,2025-06,paid_social,IN,low,discount,13,3,churned,43.0,40.25
C1450,2025-01,paid_social,US,mid,full_price,17,10,active,190.0,20.87
C1451,2025-02,paid_social,US,low,full_price,13,3,churned,43.0,29.82
C1452,2025-03,referral,UK,low,discount,17,2,churned,31.5,18.68
C1453,2025-04,search,US,mid,full_price,15,5,churned,71.25,20.01
C1454,2025-05,referral,US,mid,full_price,15,6,active,83.0,13.61
C1455,2025-06,search,UK,mid,discount,13,4,churned,47.0,24.52
C1456,2025-01,paid_social,IN,low,discount,13,3,churned,39.0,30.44
C1457,2025-02,referral,US,high,discount,17,8,churned,144.0,7.64
C1458,2025-03,referral,IN,low,discount,13,1,churned,0.0,7.53
C1459,2025-04,search,UK,mid,discount,15,1,churned,15.0,27.89
C1460,2025-05,paid_social,IN,low,discount,13,1,churned,19.0,27.47
C1461,2025-06,search,IN,mid,discount,17,2,churned,21.0,20.47
C1462,2025-01,paid_social,US,mid,full_price,17,10,active,153.0,25.64
C1463,2025-02,search,US,mid,discount,15,2,churned,23.0,18.03
C1464,2025-03,referral,US,mid,full_price,15,8,active,126.0,13.8
C1465,2025-04,referral,US,mid,discount,15,7,active,114.0,11.66
C1466,2025-05,paid_social,IN,low,discount,13,3,churned,38.5,30.72
C1467,2025-06,referral,US,mid,full_price,17,3,churned,42.5,12.51
C1468,2025-01,paid_social,IN,mid,full_price,13,10,active,130.0,38.76
C1469,2025-02,paid_social,US,high,full_price,17,9,active,159.0,16.66
C1470,2025-03,search,US,mid,full_price,15,8,active,136.0,15.22
C1471,2025-04,paid_social,US,mid,discount,15,2,churned,15.0,32.94
C1472,2025-05,referral,IN,low,discount,13,3,churned,39.0,12.48
C1473,2025-06,paid_social,IN,mid,discount,17,2,churned,34.0,39.05
C1474,2025-01,paid_social,CA,low,full_price,13,10,active,133.0,26.1
C1475,2025-02,paid_social,IN,low,discount,13,3,churned,39.0,29.3
C1476,2025-03,referral,IN,low,discount,15,1,churned,15.0,11.57
C1477,2025-04,referral,IN,low,discount,15,4,churned,60.0,6.51
C1478,2025-05,referral,UK,low,discount,13,5,churned,71.0,10.17
C1479,2025-06,paid_social,UK,low,discount,13,2,churned,22.75,22.54
C1480,2025-01,search,UK,mid,full_price,13,10,active,134.0,12.47
C1481,2025-02,search,CA,mid,full_price,15,9,active,139.0,20.21
C1482,2025-03,search,UK,low,full_price,15,8,active,120.0,14.67
C1483,2025-04,referral,UK,low,discount,15,2,churned,30.0,13.33
C1484,2025-05,search,IN,mid,discount,15,6,active,90.0,21.68
C1485,2025-06,referral,IN,mid,discount,15,5,active,80.0,11.23
C1486,2025-01,paid_social,CA,low,full_price,13,10,active,146.0,41.94
C1487,2025-02,search,US,mid,full_price,17,9,active,159.0,12.99
C1488,2025-03,paid_social,CA,low,discount,13,8,churned,100.75,27.02
C1489,2025-04,search,CA,mid,full_price,15,4,churned,60.0,26.61
C1490,2025-05,search,UK,mid,full_price,17,6,active,108.0,21.28
C1491,2025-06,search,US,mid,discount,15,4,churned,64.0,19.79
C1492,2025-01,search,UK,mid,full_price,17,3,churned,51.0,20.94
C1493,2025-02,referral,IN,high,full_price,17,9,active,153.0,12.68
C1494,2025-03,search,UK,low,discount,13,1,churned,13.0,22.61
C1495,2025-04,paid_social,IN,high,discount,17,1,churned,17.0,29.73
C1496,2025-05,paid_social,CA,low,full_price,13,6,active,78.0,39.91
C1497,2025-06,search,CA,low,full_price,13,5,active,65.0,16.57
C1498,2025-01,paid_social,IN,high,discount,17,9,churned,131.0,22.81
C1499,2025-02,paid_social,IN,low,full_price,13,9,active,122.0,24.48
C1500,2025-03,paid_social,IN,mid,discount,15,2,churned,44.0,31.24
C1501,2025-04,search,UK,high,full_price,17,7,active,125.0,23.05
C1502,2025-05,referral,US,mid,full_price,13,6,active,88.0,5.11
C1503,2025-06,search,US,mid,discount,15,2,churned,26.5,16.29
C1504,2025-01,referral,UK,mid,discount,15,7,churned,102.0,10.57
C1505,2025-02,referral,CA,low,full_price,13,9,active,127.0,12.57
C1506,2025-03,referral,UK,mid,full_price,15,8,active,124.0,10.27
C1507,2025-04,paid_social,IN,low,discount,15,7,active,105.0,15.57
C1508,2025-05,referral,IN,low,discount,15,4,churned,53.0,6.09
C1509,2025-06,referral,IN,low,discount,13,4,churned,58.0,8.33
C1510,2025-01,referral,US,high,full_price,17,10,active,170.0,8.28
C1511,2025-02,paid_social,CA,low,full_price,13,9,active,99.0,23.89
C1512,2025-03,search,UK,mid,full_price,15,8,active,120.0,17.13
C1513,2025-04,referral,CA,mid,full_price,13,7,active,91.0,5.65
C1514,2025-05,paid_social,IN,low,discount,15,6,active,90.0,25.74
C1515,2025-06,paid_social,CA,high,full_price,17,5,active,85.0,22.29
C1516,2025-01,search,UK,low,discount,13,2,churned,26.0,25.18
C1517,2025-02,search,US,mid,discount,17,2,churned,34.0,13.49
C1518,2025-03,paid_social,US,low,full_price,15,8,active,113.0,32.22
C1519,2025-04,referral,CA,mid,full_price,15,5,churned,60.0,6.92
C1520,2025-05,referral,US,low,discount,15,3,churned,45.0,8.34
C1521,2025-06,paid_social,IN,mid,full_price,17,5,churned,72.0,31.2
C1522,2025-01,search,CA,low,discount,13,10,active,130.0,21.86
C1523,2025-02,paid_social,UK,low,discount,13,3,churned,39.0,21.76
C1524,2025-03,referral,CA,high,full_price,13,8,active,91.0,11.75
C1525,2025-04,paid_social,IN,mid,discount,15,7,active,111.0,22.09
C1526,2025-05,referral,IN,low,discount,13,3,churned,35.75,8.78
C1527,2025-06,search,IN,low,discount,13,2,churned,22.75,27.53
C1528,2025-01,referral,CA,mid,discount,13,5,churned,65.0,7.93
C1529,2025-02,paid_social,IN,mid,discount,13,1,churned,0.0,17.4
C1530,2025-03,search,CA,mid,full_price,15,8,active,105.0,24.25
C1531,2025-04,referral,US,mid,full_price,17,7,active,108.0,12.77
C1532,2025-05,search,IN,high,full_price,15,6,active,102.0,22.63
C1533,2025-06,paid_social,US,high,full_price,15,5,active,75.0,30.82
C1534,2025-01,referral,IN,mid,discount,15,6,churned,82.5,11.5
C1535,2025-02,paid_social,US,mid,discount,15,5,churned,64.0,32.86
C1536,2025-03,search,UK,low,discount,13,2,churned,26.0,26.93
C1537,2025-04,referral,CA,high,full_price,17,7,active,127.0,16.28
C1538,2025-05,paid_social,CA,mid,full_price,13,5,churned,65.0,25.4
C1539,2025-06,search,CA,mid,full_price,15,4,churned,68.0,25.16
C1540,2025-01,paid_social,CA,mid,full_price,15,4,churned,60.0,42.78
C1541,2025-02,search,US,mid,full_price,15,9,churned,135.0,24.5
C1542,2025-03,referral,UK,low,discount,13,8,active,99.0,11.94
C1543,2025-04,paid_social,CA,high,full_price,17,7,active,133.0,27.2
C1544,2025-05,paid_social,UK,low,full_price,17,6,active,102.0,27.56
C1545,2025-06,paid_social,CA,mid,discount,13,5,active,73.0,26.53
C1546,2025-01,referral,US,mid,full_price,15,10,active,164.0,11.75
C1547,2025-02,referral,IN,low,discount,15,9,churned,128.0,11.59
C1548,2025-03,paid_social,US,mid,discount,13,8,active,107.0,23.53
C1549,2025-04,search,UK,mid,full_price,13,7,active,78.0,24.25
C1550,2025-05,search,CA,mid,full_price,17,6,active,110.0,18.4
C1551,2025-06,referral,US,mid,discount,13,2,churned,26.0,6.86
C1552,2025-01,paid_social,CA,mid,full_price,15,1,churned,15.0,21.69
C1553,2025-02,paid_social,US,mid,full_price,15,6,churned,96.5,28.07
C1554,2025-03,paid_social,IN,low,discount,15,3,churned,36.0,16.51
C1555,2025-04,paid_social,UK,low,discount,15,1,churned,15.0,31.28
C1556,2025-05,referral,UK,low,discount,13,2,churned,19.5,10.78
C1557,2025-06,referral,UK,mid,full_price,15,5,active,66.0,10.27
C1558,2025-01,referral,CA,low,discount,13,3,churned,43.0,17.14
C1559,2025-02,search,CA,high,full_price,17,9,active,169.0,24.53
C1560,2025-03,search,UK,mid,discount,15,8,active,111.0,18.56
C1561,2025-04,search,UK,mid,full_price,15,7,active,94.0,26.74
C1562,2025-05,search,US,mid,full_price,17,2,churned,34.0,17.74
C1563,2025-06,paid_social,US,mid,full_price,15,5,active,93.0,29.95
C1564,2025-01,referral,IN,mid,discount,15,2,churned,30.0,4.79
C1565,2025-02,referral,US,mid,full_price,13,9,active,121.0,15.7
C1566,2025-03,search,US,high,discount,17,2,churned,33.75,28.49
C1567,2025-04,paid_social,US,low,discount,15,6,churned,75.5,28.29
C1568,2025-05,referral,UK,mid,discount,13,6,churned,86.0,10.58
C1569,2025-06,referral,UK,low,discount,17,3,churned,52.75,11.55
C1570,2025-01,paid_social,UK,mid,full_price,13,10,active,129.0,31.98
C1571,2025-02,paid_social,UK,low,discount,13,2,churned,32.0,28.64
C1572,2025-03,referral,CA,low,discount,15,1,churned,15.0,14.95
C1573,2025-04,paid_social,IN,high,full_price,17,7,active,130.0,28.47
C1574,2025-05,paid_social,US,low,discount,13,5,churned,58.5,16.62
C1575,2025-06,referral,IN,low,discount,15,5,churned,75.0,11.96
C1576,2025-01,paid_social,UK,high,full_price,17,10,active,184.0,22.1
C1577,2025-02,referral,IN,high,full_price,15,9,active,151.0,12.56
C1578,2025-03,paid_social,US,low,full_price,15,1,churned,19.0,27.89
C1579,2025-04,search,US,low,full_price,15,7,active,113.0,18.7
C1580,2025-05,search,CA,low,full_price,13,6,active,78.0,19.65
C1581,2025-06,search,UK,mid,full_price,15,5,active,66.0,21.67
C1582,2025-01,paid_social,UK,mid,discount,15,1,churned,15.0,31.63
C1583,2025-02,referral,US,mid,discount,15,9,active,143.0,8.54
C1584,2025-03,search,IN,high,full_price,17,8,churned,127.0,19.99
C1585,2025-04,search,UK,high,full_price,17,2,churned,29.75,22.81
C1586,2025-05,search,UK,mid,full_price,13,6,churned,71.5,28.53
C1587,2025-06,search,UK,high,full_price,17,5,active,93.0,20.69
C1588,2025-01,search,UK,low,full_price,15,10,active,164.0,17.34
C1589,2025-02,referral,IN,mid,discount,17,3,churned,29.75,12.56
C1590,2025-03,paid_social,UK,low,discount,17,3,churned,52.75,31.58
C1591,2025-04,referral,CA,mid,full_price,17,7,active,137.0,14.18
C1592,2025-05,search,US,low,full_price,15,6,active,94.0,17.21
C1593,2025-06,paid_social,UK,mid,full_price,17,5,active,74.0,26.66
C1594,2025-01,referral,US,mid,discount,13,2,churned,32.0,13.64
C1595,2025-02,paid_social,UK,mid,discount,13,6,churned,73.0,23.21
C1596,2025-03,paid_social,US,low,discount,13,6,churned,88.75,28.59
C1597,2025-04,paid_social,IN,low,discount,13,3,churned,39.0,15.4
C1598,2025-05,paid_social,CA,low,full_price,13,5,churned,73.0,27.49
C1599,2025-06,search,UK,high,full_price,15,5,active,75.0,19.4
C1600,2025-01,referral,UK,high,full_price,17,10,active,144.0,11.61
C1601,2025-02,search,US,mid,full_price,15,9,active,155.0,22.4
C1602,2025-03,search,US,mid,full_price,13,8,active,97.0,25.48
C1603,2025-04,search,US,mid,full_price,15,7,active,117.0,18.31
C1604,2025-05,referral,US,low,full_price,13,2,churned,36.0,9.4
C1605,2025-06,search,US,high,full_price,15,5,active,83.0,9.69
C1606,2025-01,paid_social,IN,low,full_price,13,6,churned,86.0,28.5
C1607,2025-02,paid_social,CA,mid,full_price,13,9,active,104.0,32.97
C1608,2025-03,paid_social,UK,low,discount,13,7,churned,99.0,26.65
C1609,2025-04,paid_social,US,high,full_price,15,7,active,115.0,15.96
C1610,2025-05,referral,US,high,full_price,15,2,churned,30.0,8.68
C1611,2025-06,referral,IN,low,discount,13,5,active,65.0,10.83
C1612,2025-01,referral,CA,low,discount,13,2,churned,26.0,12.52
C1613,2025-02,search,IN,low,discount,13,1,churned,13.0,22.15
C1614,2025-03,search,CA,high,full_price,15,8,active,132.0,31.54
C1615,2025-04,paid_social,US,low,full_price,13,7,active,91.0,18.86
C1616,2025-05,search,UK,low,discount,13,1,churned,6.5,27.06
C1617,2025-06,search,US,high,full_price,13,2,churned,26.0,16.67
C1618,2025-01,referral,UK,low,full_price,13,10,active,138.0,11.85
C1619,2025-02,referral,UK,mid,discount,17,5,churned,76.5,7.2
C1620,2025-03,referral,US,mid,discount,15,8,active,96.0,8.89
C1621,2025-04,search,US,high,discount,13,7,active,107.0,23.77
C1622,2025-05,search,IN,mid,discount,15,6,active,90.0,27.87
C1623,2025-06,referral,UK,mid,full_price,17,5,active,95.0,15.53
C1624,2025-01,search,CA,mid,full_price,17,10,active,184.0,26.33
C1625,2025-02,paid_social,US,low,discount,17,2,churned,34.0,26.8
C1626,2025-03,search,UK,low,full_price,13,8,active,104.0,19.47
C1627,2025-04,referral,IN,low,full_price,15,4,churned,56.5,9.91
C1628,2025-05,paid_social,IN,low,discount,13,1,churned,13.0,30.05
C1629,2025-06,referral,UK,mid,full_price,17,5,active,105.0,13.71
C1630,2025-01,search,CA,mid,full_price,15,5,churned,67.5,17.37
C1631,2025-02,search,US,high,full_price,17,6,churned,112.0,30.14
C1632,2025-03,paid_social,UK,mid,full_price,13,4,churned,64.75,30.58
C1633,2025-04,search,UK,high,full_price,17,7,active,125.0,32.31
C1634,2025-05,referral,US,mid,discount,15,5,churned,81.0,12.38
C1635,2025-06,referral,US,high,full_price,15,2,churned,26.25,10.88
C1636,2025-01,paid_social,UK,low,full_price,15,10,active,170.0,31.16
C1637,2025-02,paid_social,US,mid,discount,17,8,churned,144.0,31.49
C1638,2025-03,referral,UK,high,full_price,15,8,active,124.0,9.55
C1639,2025-04,paid_social,US,mid,full_price,17,7,active,123.0,26.55
C1640,2025-05,search,US,high,full_price,17,2,churned,25.5,29.24
C1641,2025-06,search,CA,mid,full_price,17,5,active,93.0,14.88
C1642,2025-01,paid_social,US,mid,discount,17,10,active,161.0,37.85
C1643,2025-02,search,CA,low,full_price,15,9,active,145.0,24.06
C1644,2025-03,search,UK,mid,full_price,15,2,churned,30.0,13.01
C1645,2025-04,referral,IN,low,full_price,13,7,active,92.0,7.67
C1646,2025-05,referral,CA,mid,full_price,13,6,active,73.0,10.35
C1647,2025-06,search,IN,low,discount,15,4,churned,60.0,18.98
C1648,2025-01,paid_social,US,high,discount,17,7,churned,119.0,27.95
C1649,2025-02,search,IN,low,discount,13,5,churned,65.0,15.34
C1650,2025-03,paid_social,UK,mid,full_price,15,8,active,134.0,28.45
C1651,2025-04,referral,IN,low,discount,15,3,churned,53.0,10.42
C1652,2025-05,search,CA,low,full_price,13,6,active,86.0,24.4
C1653,2025-06,search,US,mid,full_price,15,5,churned,67.5,14.79
C1654,2025-01,paid_social,UK,mid,full_price,15,10,active,154.0,34.26
C1655,2025-02,referral,IN,low,full_price,15,7,churned,109.0,7.91
C1656,2025-03,paid_social,IN,high,discount,17,4,churned,57.0,26.05
C1657,2025-04,referral,CA,mid,full_price,15,7,active,105.0,11.4
C1658,2025-05,paid_social,IN,low,discount,13,6,churned,82.75,19.5
C1659,2025-06,referral,IN,low,discount,13,5,active,69.0,17.01
C1660,2025-01,referral,IN,high,full_price,17,10,active,178.0,10.25
C1661,2025-02,paid_social,IN,low,discount,15,7,churned,104.0,20.79
C1662,2025-03,search,CA,mid,full_price,15,8,active,98.0,24.77
C1663,2025-04,paid_social,US,low,discount,15,1,churned,7.5,27.74
C1664,2025-05,referral,UK,low,full_price,13,6,active,94.0,11.17
C1665,2025-06,search,US,low,full_price,13,5,active,71.0,20.03
C1666,2025-01,paid_social,US,low,discount,15,7,churned,113.0,31.75
C1667,2025-02,search,US,mid,full_price,17,1,churned,14.5,25.18
C1668,2025-03,paid_social,US,mid,full_price,13,8,active,108.0,22.33
C1669,2025-04,paid_social,US,low,discount,13,6,churned,90.75,29.78
C1670,2025-05,paid_social,US,low,discount,17,1,churned,17.0,18.54
C1671,2025-06,paid_social,CA,low,full_price,13,1,churned,13.0,38.58
C1672,2025-01,referral,UK,high,discount,17,7,churned,110.5,12.45
C1673,2025-02,search,UK,mid,full_price,15,9,active,149.0,14.99
C1674,2025-03,paid_social,US,mid,discount,15,3,churned,37.5,31.9
C1675,2025-04,referral,IN,low,discount,17,3,churned,46.5,18.02
C1676,2025-05,search,CA,mid,full_price,13,6,active,78.0,25.38
C1677,2025-06,search,UK,low,discount,13,5,active,39.0,19.64
C1678,2025-01,referral,UK,low,discount,15,5,churned,83.25,13.72
C1679,2025-02,search,CA,mid,full_price,15,4,churned,68.25,22.21
C1680,2025-03,referral,CA,high,full_price,17,8,active,122.0,11.33
C1681,2025-04,search,IN,low,discount,13,7,active,97.0,26.02
C1682,2025-05,referral,IN,mid,discount,15,2,churned,30.0,15.78
C1683,2025-06,search,UK,high,full_price,17,5,active,97.0,16.5
C1684,2025-01,paid_social,CA,mid,full_price,17,10,active,144.0,22.8
C1685,2025-02,search,US,low,full_price,13,9,active,133.0,16.82
C1686,2025-03,paid_social,CA,low,full_price,13,8,active,95.0,31.65
C1687,2025-04,search,CA,high,full_price,17,7,active,125.0,19.92
C1688,2025-05,paid_social,CA,mid,discount,15,6,churned,91.0,24.77
C1689,2025-06,search,CA,high,full_price,17,5,active,76.0,21.64
C1690,2025-01,search,CA,mid,full_price,15,1,churned,15.0,19.51
C1691,2025-02,referral,UK,high,full_price,17,5,churned,89.0,9.9
C1692,2025-03,paid_social,US,high,discount,17,1,churned,8.5,43.3
C1693,2025-04,paid_social,US,high,full_price,15,7,active,105.0,23.62
C1694,2025-05,referral,US,mid,discount,13,3,churned,47.0,9.56
C1695,2025-06,paid_social,US,high,full_price,17,5,active,68.0,39.11
C1696,2025-01,paid_social,IN,low,discount,13,3,churned,32.5,30.0
C1697,2025-02,search,CA,high,discount,17,3,churned,63.0,9.91
C1698,2025-03,search,US,low,full_price,13,8,active,112.0,28.16
C1699,2025-04,paid_social,UK,high,full_price,17,7,active,123.0,27.79
C1700,2025-05,search,US,mid,full_price,15,6,churned,85.0,25.24
C1701,2025-06,search,UK,mid,full_price,15,5,active,75.0,24.08
C1702,2025-01,paid_social,CA,mid,full_price,15,10,active,177.0,27.63
C1703,2025-02,paid_social,US,high,full_price,17,9,active,167.0,20.14
C1704,2025-03,search,UK,low,discount,13,7,churned,102.5,13.91
C1705,2025-04,paid_social,UK,high,full_price,15,4,churned,68.0,19.22
C1706,2025-05,referral,UK,mid,discount,17,5,churned,92.5,4.11
C1707,2025-06,referral,UK,mid,discount,17,3,churned,46.75,9.81
C1708,2025-01,referral,IN,mid,discount,17,10,active,174.0,13.62
C1709,2025-02,referral,US,mid,full_price,15,2,churned,36.0,8.55
C1710,2025-03,paid_social,CA,mid,discount,17,6,churned,93.5,22.2
C1711,2025-04,referral,US,mid,discount,15,2,churned,26.25,13.97
C1712,2025-05,referral,IN,mid,discount,13,2,churned,26.0,12.83
C1713,2025-06,paid_social,IN,low,discount,17,3,churned,51.0,31.58
C1714,2025-01,paid_social,IN,low,discount,13,10,churned,136.0,35.19
C1715,2025-02,paid_social,IN,high,discount,17,3,churned,57.0,32.51
C1716,2025-03,paid_social,IN,high,full_price,17,8,active,144.0,30.77
C1717,2025-04,search,UK,high,full_price,17,7,active,116.0,22.99
C1718,2025-05,paid_social,IN,mid,full_price,17,6,active,95.0,24.76
C1719,2025-06,paid_social,CA,mid,full_price,15,4,churned,60.0,24.16
C1720,2025-01,search,UK,high,full_price,17,8,churned,106.0,23.42
C1721,2025-02,paid_social,US,low,discount,17,1,churned,21.0,36.71
C1722,2025-03,referral,UK,low,discount,13,2,churned,26.0,12.0
C1723,2025-04,referral,IN,low,discount,13,7,active,82.0,10.27
C1724,2025-05,paid_social,US,low,discount,13,1,churned,9.75,21.68
C1725,2025-06,paid_social,IN,mid,discount,17,2,churned,25.5,36.65
C1726,2025-01,referral,US,mid,full_price,17,10,active,153.0,10.62
C1727,2025-02,search,UK,high,full_price,17,9,active,163.0,16.26
C1728,2025-03,referral,US,low,full_price,13,8,active,91.0,6.08
C1729,2025-04,paid_social,IN,low,discount,15,3,churned,45.0,29.04
C1730,2025-05,search,US,mid,full_price,15,6,churned,98.0,21.6
C1731,2025-06,search,US,low,full_price,13,3,churned,39.0,24.44
C1732,2025-01,paid_social,US,mid,full_price,13,10,active,152.0,42.53
C1733,2025-02,paid_social,UK,low,full_price,13,1,churned,13.0,30.04
C1734,2025-03,search,IN,low,full_price,15,2,churned,22.5,16.79
C1735,2025-04,paid_social,IN,mid,discount,15,7,active,109.0,23.33
C1736,2025-05,referral,IN,mid,discount,15,6,active,64.0,11.18
C1737,2025-06,paid_social,US,mid,full_price,15,5,active,78.0,26.54
C1738,2025-01,referral,IN,low,discount,13,6,churned,65.0,8.66
C1739,2025-02,search,UK,low,full_price,13,9,active,118.0,22.44
C1740,2025-03,search,CA,mid,full_price,15,8,active,126.0,21.73
C1741,2025-04,search,UK,mid,full_price,17,5,churned,74.0,23.99
C1742,2025-05,search,US,mid,full_price,15,6,active,98.0,24.85
C1743,2025-06,search,US,high,full_price,17,5,active,85.0,22.24
C1744,2025-01,search,IN,high,discount,15,8,churned,107.5,24.69
C1745,2025-02,referral,UK,high,discount,17,3,churned,51.0,9.76
C1746,2025-03,search,IN,low,discount,13,6,churned,78.0,17.74
C1747,2025-04,search,UK,mid,full_price,15,7,active,111.0,23.85
C1748,2025-05,search,CA,mid,full_price,15,6,active,98.0,27.41
C1749,2025-06,search,IN,mid,full_price,15,5,active,75.0,23.0
C1750,2025-01,referral,CA,low,full_price,13,10,active,136.0,9.49
C1751,2025-02,paid_social,CA,low,full_price,13,9,active,112.0,28.91
C1752,2025-03,paid_social,US,low,discount,15,3,churned,41.25,24.89
C1753,2025-04,referral,IN,mid,discount,15,6,churned,82.5,14.15
C1754,2025-05,paid_social,US,mid,full_price,15,6,active,90.0,26.27
C1755,2025-06,referral,UK,mid,discount,13,5,churned,65.0,8.31
C1756,2025-01,search,IN,low,discount,15,10,active,153.0,16.73
C1757,2025-02,paid_social,IN,high,discount,17,6,churned,99.5,31.7
C1758,2025-03,paid_social,US,low,discount,13,2,churned,26.0,24.85
C1759,2025-04,search,CA,low,full_price,13,7,active,91.0,35.77
C1760,2025-05,referral,US,low,discount,13,6,active,84.0,13.28
C1761,2025-06,paid_social,IN,low,discount,15,5,active,75.0,24.28
C1762,2025-01,paid_social,IN,low,discount,15,3,churned,57.0,30.9
C1763,2025-02,referral,US,low,full_price,13,2,churned,13.0,13.31
C1764,2025-03,search,IN,low,discount,13,7,churned,75.5,27.79
C1765,2025-04,referral,US,mid,discount,15,7,churned,113.0,7.53
C1766,2025-05,paid_social,IN,high,discount,17,5,churned,89.0,27.0
C1767,2025-06,referral,UK,low,discount,13,4,churned,58.0,10.2
C1768,2025-01,referral,UK,high,discount,17,10,active,182.0,7.72
C1769,2025-02,paid_social,US,high,full_price,15,9,active,167.0,21.21
C1770,2025-03,referral,CA,low,discount,17,4,churned,25.5,11.79
C1771,2025-04,paid_social,IN,low,full_price,13,7,active,101.0,30.77
C1772,2025-05,paid_social,UK,mid,full_price,13,6,active,71.0,25.19
C1773,2025-06,paid_social,CA,low,full_price,13,5,active,71.0,29.08
C1774,2025-01,paid_social,CA,low,discount,13,3,churned,26.0,26.05
C1775,2025-02,paid_social,IN,high,discount,17,9,active,157.0,16.26
C1776,2025-03,referral,CA,low,discount,13,2,churned,34.0,16.5
C1777,2025-04,search,US,high,full_price,17,7,active,110.0,11.44
C1778,2025-05,paid_social,UK,low,full_price,13,6,active,78.0,37.23
C1779,2025-06,paid_social,US,mid,discount,13,5,churned,65.75,28.66
C1780,2025-01,search,UK,mid,full_price,17,10,active,150.0,28.37
C1781,2025-02,paid_social,UK,high,discount,17,2,churned,33.75,30.83
C1782,2025-03,referral,CA,low,full_price,13,8,active,97.0,11.06
C1783,2025-04,paid_social,US,low,discount,13,1,churned,6.5,27.18
C1784,2025-05,referral,UK,mid,discount,15,1,churned,15.0,9.4
C1785,2025-06,paid_social,CA,mid,discount,15,1,churned,19.0,28.51
C1786,2025-01,search,US,low,full_price,15,2,churned,30.0,18.14
C1787,2025-02,referral,UK,mid,discount,15,8,churned,134.0,8.02
C1788,2025-03,paid_social,CA,low,discount,13,2,churned,26.0,14.22
C1789,2025-04,referral,UK,mid,discount,15,7,active,96.0,13.7
C1790,2025-05,paid_social,UK,mid,full_price,17,6,active,102.0,21.03
C1791,2025-06,search,CA,mid,discount,15,3,churned,41.25,29.06
C1792,2025-01,paid_social,CA,mid,full_price,15,10,active,156.0,31.62
C1793,2025-02,search,IN,mid,discount,15,5,churned,83.0,13.55
C1794,2025-03,paid_social,US,low,full_price,15,8,active,144.0,17.09
C1795,2025-04,referral,IN,mid,discount,17,7,churned,102.0,16.24
C1796,2025-05,referral,UK,mid,discount,15,2,churned,30.0,10.78
C1797,2025-06,search,UK,mid,full_price,15,5,active,75.0,20.38
C1798,2025-01,referral,UK,low,discount,13,10,active,135.0,12.19
C1799,2025-02,referral,UK,low,discount,13,1,churned,21.0,14.1
C1800,2025-03,search,UK,low,discount,13,7,churned,105.0,27.45
C1801,2025-04,search,US,high,full_price,17,7,active,102.0,17.9
C1802,2025-05,paid_social,IN,low,full_price,15,6,active,90.0,29.03
C1803,2025-06,referral,CA,mid,full_price,15,5,active,75.0,14.64
C1804,2025-01,paid_social,UK,low,discount,15,1,churned,7.5,19.83
C1805,2025-02,search,US,low,full_price,17,9,active,161.0,17.52
C1806,2025-03,paid_social,CA,mid,full_price,13,8,active,108.0,27.17
C1807,2025-04,paid_social,UK,mid,full_price,15,7,active,83.0,11.5
C1808,2025-05,paid_social,IN,low,discount,13,3,churned,39.0,27.29
C1809,2025-06,search,US,mid,full_price,15,5,active,64.0,20.81
C1810,2025-01,search,US,high,full_price,17,4,churned,74.0,16.68
C1811,2025-02,paid_social,US,low,discount,13,1,churned,13.0,31.33
C1812,2025-03,referral,IN,high,full_price,15,8,active,128.0,8.67
C1813,2025-04,search,CA,mid,full_price,15,5,churned,75.0,17.61
C1814,2025-05,paid_social,UK,low,discount,15,3,churned,37.5,30.56
C1815,2025-06,search,UK,low,full_price,15,5,active,60.0,20.33
C1816,2025-01,referral,US,mid,discount,13,1,churned,15.75,10.01
C1817,2025-02,search,IN,mid,discount,13,1,churned,6.5,19.26
C1818,2025-03,search,US,low,discount,13,7,churned,87.75,28.17
C1819,2025-04,referral,IN,mid,discount,17,1,churned,8.5,19.09
C1820,2025-05,paid_social,US,high,full_price,15,6,active,104.0,35.24
C1821,2025-06,search,CA,mid,full_price,15,5,active,81.0,25.19
C1822,2025-01,paid_social,IN,low,discount,13,1,churned,17.75,26.63
C1823,2025-02,paid_social,IN,low,discount,15,9,churned,122.5,38.0
C1824,2025-03,search,US,low,full_price,15,8,active,113.0,33.5
C1825,2025-04,search,CA,high,full_price,17,7,active,131.0,21.0
C1826,2025-05,search,US,high,full_price,15,6,active,90.0,24.02
C1827,2025-06,paid_social,IN,mid,discount,15,5,active,75.0,20.99
C1828,2025-01,paid_social,IN,low,discount,17,4,churned,76.0,40.68
C1829,2025-02,paid_social,IN,mid,discount,15,4,churned,30.0,40.28
C1830,2025-03,paid_social,UK,low,full_price,15,2,churned,26.25,30.84
C1831,2025-04,referral,IN,high,full_price,15,7,active,113.0,12.0
C1832,2025-05,referral,IN,low,discount,13,5,churned,65.75,7.04
C1833,2025-06,search,CA,mid,full_price,17,5,active,91.0,20.62
C1834,2025-01,referral,US,high,full_price,17,10,active,194.0,13.47
C1835,2025-02,search,UK,high,full_price,17,9,active,142.0,11.01
C1836,2025-03,search,CA,high,full_price,17,8,active,144.0,25.59
C1837,2025-04,referral,US,mid,full_price,15,7,active,109.0,14.15
C1838,2025-05,referral,UK,mid,discount,15,3,churned,41.25,12.26
C1839,2025-06,referral,IN,mid,full_price,15,5,active,66.0,18.53
C1840,2025-01,referral,CA,high,full_price,15,10,active,164.0,14.59
C1841,2025-02,referral,US,mid,discount,15,9,churned,124.0,4.31
C1842,2025-03,paid_social,US,mid,discount,17,1,churned,17.0,34.3
C1843,2025-04,paid_social,US,low,discount,17,5,churned,76.5,19.83
C1844,2025-05,paid_social,UK,mid,discount,15,4,churned,56.25,19.05
C1845,2025-06,referral,UK,low,discount,13,1,churned,9.75,8.32
C1846,2025-01,search,CA,mid,full_price,15,10,churned,158.5,21.05
C1847,2025-02,referral,UK,high,full_price,15,9,active,128.0,16.79
C1848,2025-03,referral,UK,low,discount,13,5,churned,65.0,17.1
C1849,2025-04,search,CA,low,discount,13,6,churned,71.5,18.9
C1850,2025-05,paid_social,UK,low,full_price,13,6,active,78.0,25.76
C1851,2025-06,referral,IN,high,discount,17,1,churned,23.0,13.77
C1852,2025-01,search,UK,mid,full_price,17,10,active,165.0,22.32
C1853,2025-02,paid_social,US,low,discount,13,2,churned,19.5,34.96
C1854,2025-03,paid_social,US,low,discount,13,8,active,78.0,35.55
C1855,2025-04,search,CA,high,full_price,15,3,churned,51.0,15.42
C1856,2025-05,referral,US,low,discount,13,3,churned,26.0,9.76
C1857,2025-06,search,US,mid,full_price,15,4,churned,60.25,16.98
C1858,2025-01,paid_social,CA,low,full_price,15,10,active,145.0,33.54
C1859,2025-02,paid_social,UK,mid,discount,13,3,churned,38.5,22.05
C1860,2025-03,referral,IN,low,discount,13,5,churned,71.0,12.01
C1861,2025-04,search,US,mid,discount,15,3,churned,30.0,17.52
C1862,2025-05,referral,US,low,discount,13,1,churned,10.5,10.28
C1863,2025-06,paid_social,CA,low,discount,15,1,churned,15.0,21.53
C1864,2025-01,paid_social,US,mid,full_price,15,10,active,164.0,35.92
C1865,2025-02,search,CA,mid,full_price,15,4,churned,41.25,16.19
C1866,2025-03,referral,IN,low,discount,15,8,active,144.0,6.38
C1867,2025-04,referral,IN,mid,full_price,15,4,churned,60.25,9.94
C1868,2025-05,paid_social,IN,mid,discount,13,5,churned,67.75,27.23
C1869,2025-06,paid_social,CA,mid,full_price,13,5,active,73.0,27.3
C1870,2025-01,referral,IN,low,discount,13,2,churned,19.5,8.01
C1871,2025-02,paid_social,IN,mid,full_price,15,9,active,119.0,29.86
C1872,2025-03,paid_social,CA,low,full_price,15,8,active,115.0,33.3
C1873,2025-04,referral,CA,low,discount,13,2,churned,23.5,9.9
C1874,2025-05,paid_social,IN,low,discount,13,3,churned,39.0,25.21
C1875,2025-06,paid_social,UK,mid,discount,13,2,churned,26.0,32.42
C1876,2025-01,referral,UK,low,discount,15,4,churned,56.5,12.89
C1877,2025-02,referral,UK,mid,full_price,13,9,active,121.0,7.56
C1878,2025-03,referral,UK,mid,full_price,15,8,active,128.0,14.44
C1879,2025-04,paid_social,US,low,discount,13,7,active,99.0,32.01
C1880,2025-05,referral,IN,low,discount,13,3,churned,51.0,15.14
C1881,2025-06,search,UK,low,full_price,13,5,active,58.0,16.95
C1882,2025-01,referral,UK,low,discount,15,2,churned,38.0,14.47
C1883,2025-02,search,UK,mid,full_price,15,9,active,155.0,29.29
C1884,2025-03,paid_social,US,mid,discount,13,5,churned,52.0,29.47
C1885,2025-04,referral,IN,mid,discount,17,1,churned,0.0,12.26
C1886,2025-05,paid_social,US,mid,full_price,15,6,active,102.0,29.63
C1887,2025-06,paid_social,IN,low,discount,15,5,churned,89.0,17.42
C1888,2025-01,paid_social,US,low,full_price,13,10,active,123.0,34.65
C1889,2025-02,referral,US,low,discount,13,2,churned,26.75,10.45
C1890,2025-03,referral,UK,mid,discount,13,1,churned,13.0,8.87
C1891,2025-04,search,UK,mid,full_price,17,7,active,127.0,19.87
C1892,2025-05,search,IN,mid,discount,15,1,churned,15.0,28.15
C1893,2025-06,search,UK,mid,full_price,13,5,active,52.0,20.06
C1894,2025-01,paid_social,IN,high,discount,17,1,churned,12.75,22.89
C1895,2025-02,paid_social,US,low,discount,15,7,churned,98.0,35.15
C1896,2025-03,referral,IN,mid,discount,15,3,churned,37.5,7.99
C1897,2025-04,paid_social,US,high,full_price,15,4,churned,60.0,34.55
C1898,2025-05,paid_social,CA,low,discount,13,1,churned,9.75,31.36
C1899,2025-06,referral,IN,low,discount,13,1,churned,13.0,9.66
C1900,2025-01,paid_social,IN,mid,discount,13,8,churned,99.0,29.45
C1901,2025-02,paid_social,UK,low,full_price,15,9,active,128.0,22.1
C1902,2025-03,search,US,high,full_price,17,8,active,140.0,19.49
C1903,2025-04,paid_social,US,low,discount,15,4,churned,56.25,26.3
C1904,2025-05,referral,US,mid,discount,15,1,churned,15.0,14.58
C1905,2025-06,referral,IN,mid,discount,15,5,active,91.0,15.21
C1906,2025-01,paid_social,US,mid,full_price,17,10,active,174.0,26.88
C1907,2025-02,paid_social,UK,low,discount,15,1,churned,15.25,27.49
C1908,2025-03,referral,IN,low,discount,17,8,active,119.0,13.97
C1909,2025-04,paid_social,CA,high,full_price,15,7,active,109.0,33.04
C1910,2025-05,paid_social,IN,low,discount,13,6,active,78.0,24.33
C1911,2025-06,referral,IN,low,discount,13,5,active,71.0,9.1
C1912,2025-01,paid_social,CA,mid,full_price,13,10,active,138.0,33.69
C1913,2025-02,search,US,mid,discount,15,3,churned,51.0,29.96
C1914,2025-03,search,UK,high,full_price,17,8,active,146.0,27.37
C1915,2025-04,search,US,low,full_price,13,1,churned,10.5,25.87
C1916,2025-05,search,CA,mid,full_price,13,3,churned,39.0,26.14
C1917,2025-06,referral,IN,low,discount,13,1,churned,13.0,13.32
C1918,2025-01,paid_social,UK,mid,discount,17,4,churned,68.0,32.38
C1919,2025-02,referral,US,low,discount,13,9,churned,123.0,7.34
C1920,2025-03,paid_social,CA,low,full_price,15,8,active,111.0,23.09
C1921,2025-04,paid_social,IN,low,discount,13,3,churned,35.75,33.33
C1922,2025-05,referral,IN,mid,discount,15,6,active,96.0,9.66
C1923,2025-06,referral,CA,low,discount,15,1,churned,15.0,14.74
C1924,2025-01,paid_social,UK,low,discount,15,2,churned,26.25,38.42
C1925,2025-02,search,US,low,full_price,15,9,active,147.0,20.35
C1926,2025-03,referral,IN,low,discount,15,3,churned,45.0,7.6
C1927,2025-04,search,CA,low,discount,15,6,churned,92.25,17.28
C1928,2025-05,referral,IN,high,discount,17,6,active,106.0,12.23
C1929,2025-06,search,IN,high,full_price,17,5,active,72.0,24.1
C1930,2025-01,paid_social,CA,low,discount,15,2,churned,38.0,22.04
C1931,2025-02,paid_social,IN,low,discount,13,3,churned,39.0,34.98
C1932,2025-03,paid_social,UK,mid,discount,15,2,churned,19.0,27.46
C1933,2025-04,referral,IN,mid,discount,15,7,active,111.0,11.84
C1934,2025-05,referral,UK,mid,discount,15,6,active,94.0,12.19
C1935,2025-06,paid_social,IN,high,full_price,17,5,active,85.0,28.98
C1936,2025-01,referral,US,mid,full_price,15,10,active,105.0,4.53
C1937,2025-02,paid_social,US,high,full_price,17,9,active,153.0,44.08
C1938,2025-03,referral,IN,low,discount,13,3,churned,26.0,10.44
C1939,2025-04,paid_social,CA,mid,full_price,15,7,active,109.0,23.54
C1940,2025-05,paid_social,US,low,discount,13,5,churned,45.5,30.86
C1941,2025-06,referral,UK,high,full_price,13,5,active,77.0,8.44
C1942,2025-01,search,IN,low,discount,13,4,churned,39.0,8.88
C1943,2025-02,search,US,low,full_price,15,9,active,141.0,22.33
C1944,2025-03,search,US,high,full_price,17,8,active,154.0,23.54
C1945,2025-04,paid_social,CA,high,full_price,17,7,active,102.0,18.75
C1946,2025-05,paid_social,IN,mid,discount,15,3,churned,53.0,26.24
C1947,2025-06,paid_social,US,low,full_price,15,5,active,75.0,30.48
C1948,2025-01,referral,CA,mid,full_price,15,9,churned,143.0,7.73
C1949,2025-02,paid_social,IN,mid,discount,15,5,churned,60.0,33.72
C1950,2025-03,referral,IN,low,discount,15,2,churned,26.25,12.25
C1951,2025-04,search,IN,mid,discount,13,7,active,105.0,15.45
C1952,2025-05,paid_social,CA,mid,full_price,15,6,active,81.0,23.59
C1953,2025-06,search,US,mid,full_price,15,5,active,83.0,26.13
C1954,2025-01,search,CA,low,full_price,13,8,churned,119.5,24.67
C1955,2025-02,referral,UK,low,discount,13,2,churned,34.0,12.28
C1956,2025-03,search,UK,high,full_price,15,6,churned,82.5,27.3
C1957,2025-04,search,US,high,full_price,15,7,active,98.0,21.04
C1958,2025-05,paid_social,US,high,discount,17,6,active,110.0,37.29
C1959,2025-06,paid_social,UK,mid,full_price,17,5,active,93.0,42.05
C1960,2025-01,paid_social,IN,low,discount,15,2,churned,30.0,36.72
C1961,2025-02,paid_social,IN,low,full_price,15,9,active,141.0,24.29
C1962,2025-03,search,US,high,full_price,13,8,active,110.0,29.04
C1963,2025-04,paid_social,IN,low,discount,13,2,churned,26.0,33.36
C1964,2025-05,paid_social,UK,low,discount,13,6,active,86.0,33.37
C1965,2025-06,referral,UK,low,discount,13,3,churned,26.0,11.59
C1966,2025-01,search,CA,high,full_price,17,10,active,182.0,29.11
C1967,2025-02,paid_social,CA,high,full_price,15,9,active,147.0,34.47
C1968,2025-03,search,US,mid,full_price,13,8,active,112.0,30.87
C1969,2025-04,search,US,mid,full_price,17,5,churned,76.5,20.55
C1970,2025-05,referral,US,high,full_price,13,6,active,65.0,9.21
C1971,2025-06,referral,US,low,discount,13,4,churned,58.0,9.66
C1972,2025-01,referral,CA,high,full_price,15,10,active,164.0,12.81
C1973,2025-02,search,UK,high,full_price,17,9,active,157.0,15.06
C1974,2025-03,search,US,high,full_price,15,8,churned,116.25,19.59
C1975,2025-04,search,US,high,full_price,15,5,churned,62.25,23.82
C1976,2025-05,paid_social,CA,high,full_price,15,6,active,96.0,37.86
C1977,2025-06,search,US,high,full_price,13,5,active,65.0,25.71
C1978,2025-01,paid_social,UK,low,full_price,15,7,churned,113.25,32.56
C1979,2025-02,search,IN,low,discount,13,4,churned,35.75,23.33
C1980,2025-03,referral,CA,mid,discount,13,2,churned,19.5,9.07
C1981,2025-04,referral,US,low,discount,13,4,churned,58.0,11.57
C1982,2025-05,referral,UK,low,full_price,13,6,active,84.0,14.59
C1983,2025-06,referral,UK,mid,full_price,17,5,active,93.0,18.34
C1984,2025-01,paid_social,IN,low,full_price,13,10,active,152.0,26.91
C1985,2025-02,referral,CA,high,full_price,15,9,active,117.0,10.27
C1986,2025-03,search,CA,mid,full_price,15,8,active,120.0,21.76
C1987,2025-04,referral,UK,mid,discount,15,1,churned,11.25,14.05
C1988,2025-05,search,US,mid,full_price,13,6,active,73.0,14.45
C1989,2025-06,search,US,high,full_price,15,5,active,75.0,25.59
C1990,2025-01,referral,CA,low,full_price,15,1,churned,15.0,14.48
C1991,2025-02,search,UK,mid,full_price,15,9,active,110.0,17.72
C1992,2025-03,referral,US,low,discount,13,3,churned,43.0,9.92
C1993,2025-04,referral,IN,high,discount,17,1,churned,17.0,7.72
C1994,2025-05,referral,CA,mid,full_price,15,6,active,98.0,10.17
C1995,2025-06,search,US,mid,full_price,15,5,active,75.0,20.61
C1996,2025-01,search,UK,mid,full_price,15,10,active,164.0,20.59
C1997,2025-02,paid_social,CA,low,full_price,13,9,active,131.0,35.85
C1998,2025-03,referral,UK,mid,discount,15,8,churned,120.0,13.3
C1999,2025-04,search,UK,low,full_price,13,7,churned,73.0,25.36
C2000,2025-05,paid_social,UK,mid,discount,15,5,churned,81.0,34.01
C2001,2025-06,referral,UK,high,full_price,17,5,active,68.0,17.11
C2002,2025-01,paid_social,IN,mid,discount,15,10,active,166.0,39.01
C2003,2025-02,search,UK,low,discount,17,2,churned,29.75,20.83
C2004,2025-03,search,US,low,full_price,13,8,active,105.0,19.47
C2005,2025-04,referral,IN,mid,discount,17,1,churned,16.5,7.8
C2006,2025-05,paid_social,UK,low,full_price,13,6,active,86.0,28.79
C2007,2025-06,search,CA,mid,full_price,17,5,active,85.0,29.59
C2008,2025-01,referral,IN,low,discount,13,3,churned,19.5,7.23
C2009,2025-02,paid_social,US,low,discount,13,9,active,125.0,20.95
C2010,2025-03,referral,US,high,discount,17,8,active,154.0,14.13
C2011,2025-04,referral,US,low,discount,13,7,active,95.0,8.12
C2012,2025-05,referral,CA,mid,full_price,15,6,active,96.0,8.54
C2013,2025-06,referral,UK,low,full_price,13,5,active,65.0,10.69
C2014,2025-01,search,UK,mid,discount,15,5,churned,60.0,20.62
C2015,2025-02,paid_social,US,mid,full_price,13,9,active,125.0,23.79
C2016,2025-03,search,US,mid,discount,15,4,churned,37.5,20.49
C2017,2025-04,paid_social,UK,mid,full_price,13,7,churned,91.0,31.51
C2018,2025-05,search,IN,mid,discount,15,2,churned,22.5,15.67
C2019,2025-06,referral,US,mid,discount,13,5,active,52.0,11.84
C2020,2025-01,paid_social,US,low,full_price,13,6,churned,79.75,30.51
C2021,2025-02,paid_social,IN,mid,discount,13,1,churned,13.0,28.85
C2022,2025-03,paid_social,US,mid,full_price,15,8,active,105.0,33.99
C2023,2025-04,referral,US,low,discount,13,7,churned,91.0,5.79
C2024,2025-05,paid_social,US,mid,full_price,17,6,active,102.0,24.98
C2025,2025-06,paid_social,UK,low,full_price,13,5,active,65.0,40.9
C2026,2025-01,search,UK,low,full_price,13,1,churned,13.0,26.34
C2027,2025-02,paid_social,US,low,full_price,13,2,churned,19.5,30.21
C2028,2025-03,referral,IN,low,discount,13,8,active,112.0,16.68
C2029,2025-04,referral,US,high,discount,17,7,active,102.0,8.95
C2030,2025-05,paid_social,US,high,discount,15,4,churned,60.0,29.33
C2031,2025-06,paid_social,IN,high,full_price,17,5,active,107.0,29.28
C2032,2025-01,paid_social,UK,mid,full_price,17,10,active,190.0,48.24
C2033,2025-02,referral,IN,high,discount,17,6,churned,102.0,8.43
C2034,2025-03,search,US,low,full_price,15,8,active,117.0,14.86
C2035,2025-04,paid_social,UK,low,discount,15,5,churned,75.0,36.02
C2036,2025-05,referral,CA,low,discount,15,1,churned,15.0,10.47
C2037,2025-06,search,UK,mid,full_price,15,5,active,75.0,17.93
C2038,2025-01,paid_social,US,high,full_price,17,10,active,184.0,34.45
C2039,2025-02,paid_social,US,high,discount,15,9,active,153.0,25.31
C2040,2025-03,paid_social,US,low,discount,13,8,active,110.0,32.42
C2041,2025-04,referral,IN,high,full_price,17,5,churned,85.0,13.72
C2042,2025-05,paid_social,UK,mid,discount,15,4,churned,45.0,23.08
C2043,2025-06,paid_social,IN,low,discount,15,5,active,79.0,26.82
C2044,2025-01,referral,US,low,full_price,15,10,active,166.0,9.68
C2045,2025-02,paid_social,IN,mid,full_price,17,9,active,163.0,33.22
C2046,2025-03,referral,UK,low,discount,13,4,churned,70.0,8.72
C2047,2025-04,paid_social,UK,low,discount,13,1,churned,-6.5,25.47
C2048,2025-05,paid_social,US,mid,full_price,17,6,active,108.0,25.42
C2049,2025-06,search,CA,high,full_price,17,5,active,85.0,23.42
C2050,2025-01,referral,CA,high,full_price,17,10,active,170.0,10.83
C2051,2025-02,search,IN,mid,discount,17,1,churned,12.75,18.81
C2052,2025-03,search,UK,low,discount,13,1,churned,13.0,22.14
C2053,2025-04,referral,IN,low,discount,13,4,churned,56.0,7.5
C2054,2025-05,search,US,high,full_price,17,6,active,106.0,30.66
C2055,2025-06,paid_social,UK,low,full_price,13,5,active,73.0,19.07
C2056,2025-01,paid_social,UK,mid,full_price,13,10,active,117.0,19.92
C2057,2025-02,search,CA,mid,full_price,13,9,active,137.0,25.38
C2058,2025-03,paid_social,IN,mid,discount,15,2,churned,30.0,19.37
C2059,2025-04,paid_social,CA,high,full_price,15,7,active,105.0,36.78
C2060,2025-05,referral,IN,high,discount,15,1,churned,7.5,16.26
C2061,2025-06,search,CA,low,discount,13,4,churned,48.75,19.15
C2062,2025-01,referral,IN,low,discount,13,2,churned,26.0,8.22
C2063,2025-02,search,US,low,full_price,13,8,churned,104.0,20.2
C2064,2025-03,paid_social,CA,mid,full_price,15,8,active,134.0,20.14
C2065,2025-04,paid_social,UK,high,full_price,13,4,churned,52.0,25.09
C2066,2025-05,paid_social,IN,mid,discount,15,6,active,104.0,24.96
C2067,2025-06,referral,US,high,full_price,13,5,active,65.0,6.82
C2068,2025-01,search,US,mid,full_price,17,5,churned,97.0,20.31
C2069,2025-02,paid_social,US,mid,discount,15,9,active,143.0,26.49
C2070,2025-03,paid_social,CA,mid,full_price,15,8,active,142.0,31.84
C2071,2025-04,referral,UK,low,discount,15,2,churned,30.0,9.96
C2072,2025-05,search,UK,high,full_price,15,6,active,75.0,23.76
C2073,2025-06,referral,IN,mid,discount,15,1,churned,15.0,9.94
C2074,2025-01,paid_social,US,high,full_price,17,10,active,182.0,43.79
C2075,2025-02,paid_social,US,high,discount,17,8,churned,144.0,40.58
C2076,2025-03,search,UK,high,full_price,17,8,active,156.0,22.19
C2077,2025-04,search,US,low,discount,13,7,active,101.0,11.66
C2078,2025-05,paid_social,UK,mid,full_price,13,6,active,78.0,22.31
C2079,2025-06,referral,IN,low,discount,13,1,churned,21.0,8.78
C2080,2025-01,paid_social,US,high,full_price,17,10,active,157.0,24.65
C2081,2025-02,paid_social,UK,mid,discount,15,5,churned,85.25,23.74
C2082,2025-03,referral,IN,low,discount,13,3,churned,26.0,8.07
C2083,2025-04,paid_social,UK,mid,full_price,15,7,active,105.0,27.46
C2084,2025-05,referral,US,low,discount,13,2,churned,19.5,14.59
C2085,2025-06,search,UK,low,full_price,17,2,churned,34.0,23.44
C2086,2025-01,search,CA,low,full_price,13,10,active,158.0,20.33
C2087,2025-02,search,UK,mid,discount,15,9,churned,147.0,17.2
C2088,2025-03,referral,IN,low,discount,13,6,churned,84.0,13.46
C2089,2025-04,referral,UK,mid,discount,15,7,active,117.0,10.07
C2090,2025-05,paid_social,IN,mid,discount,15,6,active,96.0,31.79
C2091,2025-06,referral,IN,low,discount,15,3,churned,49.0,15.0
C2092,2025-01,search,IN,mid,full_price,17,10,active,186.0,18.01
C2093,2025-02,paid_social,CA,low,discount,17,5,churned,80.75,38.38
C2094,2025-03,search,IN,low,discount,13,2,churned,22.75,21.45
C2095,2025-04,search,IN,low,discount,13,6,churned,78.0,27.03
C2096,2025-05,search,CA,mid,full_price,17,6,active,112.0,25.93
C2097,2025-06,paid_social,US,low,discount,13,5,active,65.0,34.78
C2098,2025-01,referral,US,mid,discount,15,5,churned,68.0,11.96
C2099,2025-02,paid_social,US,high,full_price,17,5,churned,89.0,25.37
C2100,2025-03,paid_social,IN,low,discount,13,8,active,104.0,34.55
C2101,2025-04,referral,CA,low,full_price,15,7,active,125.0,10.15
C2102,2025-05,search,UK,mid,full_price,17,6,active,102.0,28.76
C2103,2025-06,referral,UK,low,discount,13,5,active,65.0,14.22
C2104,2025-01,paid_social,US,low,full_price,15,10,active,162.0,25.64
C2105,2025-02,search,US,low,discount,13,8,churned,91.0,19.85
C2106,2025-03,search,US,low,discount,13,3,churned,26.0,20.45
C2107,2025-04,search,US,mid,full_price,17,7,active,123.0,16.54
C2108,2025-05,search,UK,mid,full_price,15,6,active,100.0,19.25
C2109,2025-06,search,US,low,full_price,15,5,active,75.0,21.43
C2110,2025-01,search,UK,high,full_price,17,3,churned,59.0,15.92
C2111,2025-02,paid_social,US,mid,full_price,17,9,active,150.0,35.15
C2112,2025-03,referral,CA,low,discount,13,7,churned,95.0,13.02
C2113,2025-04,paid_social,IN,low,discount,13,6,churned,78.0,26.53
C2114,2025-05,referral,US,low,discount,13,2,churned,26.75,7.56
C2115,2025-06,search,US,high,full_price,17,5,active,85.0,24.48
C2116,2025-01,paid_social,CA,low,full_price,13,10,active,140.0,33.29
C2117,2025-02,paid_social,CA,mid,full_price,15,9,active,135.0,31.47
C2118,2025-03,search,UK,mid,full_price,15,8,active,124.0,15.3
C2119,2025-04,referral,US,high,discount,15,3,churned,41.25,11.94
C2120,2025-05,paid_social,US,high,discount,17,6,active,102.0,32.93
C2121,2025-06,paid_social,US,mid,full_price,17,5,active,76.0,32.52
C2122,2025-01,paid_social,IN,mid,discount,13,3,churned,45.75,32.52
C2123,2025-02,referral,UK,mid,discount,17,1,churned,17.0,9.53
C2124,2025-03,paid_social,US,mid,full_price,15,8,active,128.0,27.11
C2125,2025-04,search,US,mid,full_price,15,2,churned,22.5,21.18
C2126,2025-05,paid_social,US,high,full_price,17,6,active,112.0,29.26
C2127,2025-06,search,UK,mid,full_price,15,5,active,75.0,16.83
C2128,2025-01,paid_social,US,low,full_price,13,10,active,144.0,24.94
C2129,2025-02,referral,UK,low,discount,13,9,active,105.0,17.64
C2130,2025-03,referral,UK,mid,discount,13,7,churned,84.0,10.39
C2131,2025-04,referral,UK,low,discount,13,7,active,95.0,9.23
C2132,2025-05,referral,CA,high,full_price,15,6,active,90.0,6.91
C2133,2025-06,search,UK,high,full_price,17,5,active,85.0,26.52
C2134,2025-01,search,IN,mid,discount,17,7,churned,119.0,21.59
C2135,2025-02,search,US,high,full_price,17,9,active,154.0,19.92
C2136,2025-03,search,US,mid,full_price,17,1,churned,-4.25,20.85
C2137,2025-04,paid_social,US,low,discount,15,5,churned,76.0,13.95
C2138,2025-05,paid_social,US,high,full_price,17,5,churned,80.75,19.53
C2139,2025-06,referral,IN,mid,discount,15,1,churned,11.25,10.38
C2140,2025-01,referral,US,high,full_price,17,10,active,192.0,11.42
C2141,2025-02,search,UK,high,full_price,17,3,churned,46.75,22.63
C2142,2025-03,referral,UK,low,discount,15,8,churned,120.5,13.21
C2143,2025-04,referral,CA,high,full_price,17,5,churned,98.75,9.47
C2144,2025-05,paid_social,IN,low,full_price,13,6,active,84.0,29.33
C2145,2025-06,paid_social,US,low,full_price,15,5,active,75.0,27.27
C2146,2025-01,paid_social,UK,high,full_price,13,10,active,144.0,26.72
C2147,2025-02,referral,UK,low,discount,15,1,churned,15.0,10.48
C2148,2025-03,search,IN,low,full_price,13,8,active,99.0,19.82
C2149,2025-04,referral,US,mid,discount,15,7,active,109.0,13.38
C2150,2025-05,search,CA,mid,full_price,15,1,churned,15.0,24.61
C2151,2025-06,referral,US,mid,discount,17,5,churned,92.75,11.07
C2152,2025-01,referral,IN,low,discount,13,1,churned,17.0,8.53
C2153,2025-02,referral,UK,mid,full_price,15,9,active,135.0,13.13
C2154,2025-03,referral,UK,low,discount,17,3,churned,42.5,11.67
C2155,2025-04,paid_social,IN,low,discount,17,2,churned,34.0,24.06
C2156,2025-05,search,IN,high,full_price,15,6,active,104.0,20.81
C2157,2025-06,search,US,mid,full_price,13,5,active,65.0,23.74
C2158,2025-01,referral,IN,mid,discount,15,7,churned,109.0,19.36
C2159,2025-02,referral,CA,high,discount,15,1,churned,15.0,8.43
C2160,2025-03,paid_social,UK,high,full_price,15,8,active,130.0,18.25
C2161,2025-04,referral,UK,mid,full_price,15,7,active,123.0,15.83
C2162,2025-05,paid_social,IN,mid,discount,17,1,churned,12.75,30.55
C2163,2025-06,paid_social,IN,low,discount,13,1,churned,9.75,19.64
C2164,2025-01,referral,US,mid,full_price,15,4,churned,64.0,12.95
C2165,2025-02,referral,US,low,full_price,15,9,active,134.0,9.99
C2166,2025-03,search,CA,high,discount,17,3,churned,50.5,22.5
C2167,2025-04,search,US,low,full_price,17,7,active,106.0,15.11
C2168,2025-05,referral,IN,high,discount,17,6,churned,114.0,8.15
C2169,2025-06,paid_social,US,mid,full_price,17,5,active,97.0,27.3
C2170,2025-01,referral,UK,mid,discount,15,2,churned,22.5,6.17
C2171,2025-02,referral,CA,high,full_price,17,3,churned,51.0,14.66
C2172,2025-03,referral,IN,mid,discount,13,4,churned,45.5,10.39
C2173,2025-04,paid_social,UK,high,full_price,17,7,active,127.0,27.25
C2174,2025-05,search,CA,low,discount,13,1,churned,6.5,16.89
C2175,2025-06,referral,UK,high,discount,17,5,active,85.0,10.57
C2176,2025-01,search,US,low,discount,13,10,churned,139.5,23.45
C2177,2025-02,search,US,mid,discount,15,5,churned,60.0,14.22
C2178,2025-03,paid_social,US,low,full_price,13,8,active,78.0,31.77
C2179,2025-04,referral,IN,low,discount,13,3,churned,39.0,19.98
C2180,2025-05,paid_social,UK,low,discount,13,6,churned,86.0,27.51
C2181,2025-06,paid_social,CA,mid,full_price,17,5,active,89.0,28.18
C2182,2025-01,referral,US,mid,discount,17,10,churned,148.75,8.55
C2183,2025-02,paid_social,CA,mid,full_price,15,9,active,143.0,36.73
C2184,2025-03,referral,IN,high,discount,17,3,churned,59.0,15.44
C2185,2025-04,referral,US,mid,full_price,15,7,active,111.0,14.65
C2186,2025-05,paid_social,IN,high,discount,17,5,churned,68.0,22.12
C2187,2025-06,paid_social,UK,mid,discount,15,5,churned,83.0,16.01
C2188,2025-01,search,UK,low,discount,15,1,churned,0.0,14.68
C2189,2025-02,search,US,low,full_price,13,4,churned,58.0,23.15
C2190,2025-03,paid_social,US,mid,full_price,15,8,active,120.0,25.57
C2191,2025-04,search,UK,mid,discount,13,7,active,97.0,18.35
C2192,2025-05,referral,UK,low,full_price,13,6,active,86.0,15.6
C2193,2025-06,referral,CA,low,full_price,15,5,active,79.0,11.1
C2194,2025-01,paid_social,US,low,full_price,15,10,active,164.0,30.07
C2195,2025-02,paid_social,US,low,discount,13,1,churned,13.0,30.08
C2196,2025-03,paid_social,CA,low,discount,13,5,churned,65.0,26.74
C2197,2025-04,paid_social,IN,high,full_price,15,2,churned,30.0,19.31
C2198,2025-05,search,UK,low,full_price,13,6,active,86.0,18.85
C2199,2025-06,referral,IN,high,discount,15,2,churned,19.25,13.58
C2200,2025-01,referral,CA,mid,full_price,15,10,active,166.0,13.41
C2201,2025-02,search,UK,high,full_price,17,9,active,150.0,26.3
C2202,2025-03,paid_social,IN,low,discount,13,8,active,97.0,26.93
C2203,2025-04,search,US,mid,full_price,17,7,active,123.0,25.68
C2204,2025-05,referral,UK,low,discount,13,6,active,86.0,6.44
C2205,2025-06,paid_social,US,high,full_price,17,5,active,85.0,9.01
C2206,2025-01,paid_social,CA,low,discount,13,1,churned,6.5,21.47
C2207,2025-02,referral,UK,mid,full_price,15,9,active,120.0,8.48
C2208,2025-03,referral,IN,mid,discount,15,4,churned,41.25,17.49
C2209,2025-04,search,US,low,full_price,15,7,active,109.0,21.63
C2210,2025-05,paid_social,US,high,full_price,17,6,active,106.0,16.95
C2211,2025-06,paid_social,UK,low,full_price,13,5,active,71.0,31.12
C2212,2025-01,search,US,low,full_price,13,10,active,134.0,25.58
C2213,2025-02,paid_social,IN,low,discount,13,9,active,121.0,28.98
C2214,2025-03,referral,UK,mid,discount,15,4,churned,45.0,9.34
C2215,2025-04,search,US,low,discount,15,1,churned,-3.75,27.42
C2216,2025-05,paid_social,UK,low,discount,13,2,churned,26.0,17.8
C2217,2025-06,referral,UK,low,discount,15,1,churned,15.0,11.03
C2218,2025-01,referral,US,high,discount,17,4,churned,68.0,10.29
C2219,2025-02,search,US,low,full_price,15,9,active,136.0,24.59
C2220,2025-03,referral,CA,low,discount,13,8,churned,82.0,12.76
C2221,2025-04,search,IN,low,discount,15,5,churned,75.0,17.57
C2222,2025-05,search,US,high,discount,15,4,churned,68.0,22.7
C2223,2025-06,search,IN,low,discount,15,5,churned,66.5,29.99
C2224,2025-01,search,US,low,full_price,13,10,active,158.0,22.81
C2225,2025-02,search,UK,low,discount,15,3,churned,45.0,26.64
C2226,2025-03,search,UK,low,discount,13,1,churned,13.0,26.0
C2227,2025-04,paid_social,IN,low,discount,13,5,churned,48.75,33.45
C2228,2025-05,paid_social,UK,high,full_price,17,6,active,91.0,27.26
C2229,2025-06,paid_social,UK,mid,discount,15,5,churned,60.25,19.71
C2230,2025-01,search,UK,high,full_price,17,10,active,167.0,28.4
C2231,2025-02,search,CA,mid,full_price,15,9,churned,139.0,25.83
C2232,2025-03,search,US,low,discount,15,1,churned,15.0,18.83
C2233,2025-04,paid_social,CA,high,full_price,15,6,churned,96.0,26.55
C2234,2025-05,search,IN,mid,discount,15,6,active,90.0,22.68
C2235,2025-06,search,US,high,full_price,17,5,active,91.0,28.54
C2236,2025-01,search,US,high,full_price,17,10,active,178.0,21.07
C2237,2025-02,paid_social,UK,mid,discount,15,1,churned,11.25,27.56
C2238,2025-03,paid_social,US,mid,full_price,15,8,active,113.0,34.87
C2239,2025-04,search,US,mid,full_price,15,7,active,98.0,21.97
C2240,2025-05,search,UK,low,full_price,13,6,active,84.0,22.51
C2241,2025-06,paid_social,US,low,full_price,13,4,churned,60.0,42.14
C2242,2025-01,referral,US,high,discount,17,10,active,170.0,15.74
C2243,2025-02,paid_social,UK,mid,discount,15,9,churned,134.5,29.73
C2244,2025-03,paid_social,UK,mid,full_price,13,1,churned,9.75,37.09
C2245,2025-04,paid_social,UK,mid,discount,15,7,active,117.0,28.72
C2246,2025-05,referral,IN,mid,discount,15,5,churned,79.5,10.72
C2247,2025-06,paid_social,US,low,full_price,13,5,active,52.0,26.94
C2248,2025-01,search,IN,high,full_price,17,10,active,165.0,26.43
C2249,2025-02,search,CA,low,full_price,13,9,churned,127.0,18.17
C2250,2025-03,search,CA,mid,full_price,15,8,active,132.0,31.42
C2251,2025-04,paid_social,UK,low,discount,13,5,churned,68.0,44.91
C2252,2025-05,referral,IN,mid,discount,15,1,churned,15.0,10.87
C2253,2025-06,search,US,low,full_price,13,1,churned,13.0,22.71
C2254,2025-01,referral,IN,low,discount,15,10,active,151.0,9.03
C2255,2025-02,paid_social,IN,low,discount,13,1,churned,13.0,29.24
C2256,2025-03,paid_social,IN,low,discount,13,6,churned,73.0,41.0
C2257,2025-04,paid_social,IN,mid,discount,15,1,churned,7.5,18.67
C2258,2025-05,referral,UK,mid,discount,15,6,active,106.0,10.66
C2259,2025-06,referral,UK,low,full_price,13,1,churned,19.0,10.74
C2260,2025-01,search,IN,mid,discount,13,10,churned,142.75,27.48
C2261,2025-02,paid_social,US,mid,full_price,13,9,active,110.0,19.12
C2262,2025-03,paid_social,UK,low,discount,15,6,churned,86.25,27.11
C2263,2025-04,paid_social,IN,mid,discount,15,7,active,111.0,41.51
C2264,2025-05,referral,US,low,discount,13,5,churned,75.0,13.83
C2265,2025-06,referral,US,mid,discount,15,1,churned,15.0,5.08
C2266,2025-01,referral,US,mid,discount,15,1,churned,11.25,13.87
C2267,2025-02,referral,IN,low,discount,13,9,active,133.0,15.95
C2268,2025-03,search,US,low,full_price,15,8,active,126.0,22.67
C2269,2025-04,search,US,low,full_price,15,7,active,96.0,18.46
C2270,2025-05,search,IN,low,full_price,13,6,active,92.0,17.66
C2271,2025-06,search,UK,low,full_price,13,5,active,60.0,18.31
C2272,2025-01,search,IN,mid,full_price,15,10,active,162.0,30.82
C2273,2025-02,search,UK,low,full_price,13,9,active,131.0,24.97
C2274,2025-03,referral,UK,low,discount,15,8,active,124.0,10.21
C2275,2025-04,search,US,mid,full_price,13,7,active,90.0,17.73
C2276,2025-05,referral,IN,low,discount,13,6,active,71.0,9.33
C2277,2025-06,referral,UK,mid,discount,15,1,churned,15.0,6.25
C2278,2025-01,paid_social,CA,mid,discount,15,4,churned,66.0,33.09
C2279,2025-02,paid_social,US,mid,full_price,17,3,churned,51.0,15.12
C2280,2025-03,search,CA,high,full_price,15,8,active,128.0,26.76
C2281,2025-04,paid_social,US,low,full_price,15,7,active,105.0,35.77
C2282,2025-05,search,US,mid,full_price,17,6,active,89.0,22.68
C2283,2025-06,search,IN,low,discount,13,1,churned,9.75,20.14
C2284,2025-01,paid_social,CA,mid,full_price,13,10,active,134.0,30.03
C2285,2025-02,paid_social,US,mid,full_price,13,1,churned,6.5,29.87
C2286,2025-03,referral,IN,low,discount,13,1,churned,13.0,9.9
C2287,2025-04,paid_social,IN,low,discount,13,4,churned,56.0,23.12
C2288,2025-05,search,CA,high,full_price,17,6,active,108.0,16.17
C2289,2025-06,referral,US,low,discount,13,2,churned,26.0,12.69
C2290,2025-01,paid_social,US,low,discount,13,6,churned,86.0,28.65
C2291,2025-02,referral,IN,high,full_price,17,9,active,144.0,6.8
C2292,2025-03,paid_social,IN,mid,discount,15,1,churned,15.25,20.03
C2293,2025-04,search,US,mid,full_price,15,7,active,91.0,13.7
C2294,2025-05,referral,IN,low,discount,13,6,active,71.0,9.34
C2295,2025-06,referral,IN,low,discount,13,1,churned,0.0,12.69
C2296,2025-01,paid_social,CA,high,full_price,17,1,churned,12.75,22.87
C2297,2025-02,search,US,low,full_price,15,9,active,139.0,18.07
C2298,2025-03,paid_social,UK,high,full_price,15,8,active,120.0,25.41
C2299,2025-04,search,UK,mid,full_price,17,7,active,133.0,26.07
C2300,2025-05,search,CA,mid,full_price,13,6,active,78.0,21.23
C2301,2025-06,search,UK,high,discount,17,5,active,91.0,30.54
C2302,2025-01,search,US,high,full_price,17,10,active,173.0,16.98
C2303,2025-02,search,US,mid,full_price,15,9,active,145.0,16.29
C2304,2025-03,referral,US,high,discount,17,4,churned,67.5,8.36
C2305,2025-04,referral,IN,low,discount,15,7,churned,109.0,12.27
C2306,2025-05,search,US,low,full_price,13,5,churned,65.0,23.46
C2307,2025-06,referral,IN,high,discount,17,5,active,85.0,14.71
C2308,2025-01,paid_social,UK,mid,full_price,13,10,active,142.0,31.64
C2309,2025-02,search,CA,mid,full_price,15,9,active,141.0,30.47
C2310,2025-03,paid_social,US,low,full_price,13,8,active,91.0,25.79
C2311,2025-04,referral,US,high,full_price,17,7,active,114.0,9.66
C2312,2025-05,search,IN,low,full_price,13,6,active,94.0,29.35
C2313,2025-06,search,US,high,discount,15,2,churned,19.25,24.47
C2314,2025-01,paid_social,CA,low,discount,13,3,churned,39.0,17.46
C2315,2025-02,search,US,low,full_price,13,7,churned,97.0,16.66
C2316,2025-03,paid_social,IN,mid,full_price,15,3,churned,45.0,26.05
C2317,2025-04,referral,IN,low,discount,15,7,active,98.0,8.84
C2318,2025-05,referral,CA,mid,full_price,15,6,active,110.0,13.5
C2319,2025-06,paid_social,IN,high,discount,17,2,churned,29.75,29.9
C2320,2025-01,search,UK,high,full_price,17,8,churned,140.0,21.21
C2321,2025-02,referral,US,low,discount,13,2,churned,40.0,13.92
C2322,2025-03,search,US,mid,full_price,17,8,active,142.0,19.7
C2323,2025-04,paid_social,IN,low,discount,13,7,active,86.0,15.83
C2324,2025-05,referral,IN,low,full_price,15,6,active,81.0,10.52
C2325,2025-06,search,US,low,full_price,17,5,active,74.0,28.18
C2326,2025-01,referral,UK,high,discount,15,4,churned,45.0,13.21
C2327,2025-02,referral,UK,mid,full_price,15,9,active,120.0,11.84
C2328,2025-03,search,UK,mid,full_price,15,8,active,136.0,20.68
C2329,2025-04,search,UK,low,full_price,13,7,active,84.0,32.08
C2330,2025-05,paid_social,IN,low,discount,15,6,active,98.0,24.36
C2331,2025-06,search,UK,mid,full_price,13,2,churned,26.0,17.77
C2332,2025-01,search,IN,low,discount,13,7,churned,87.75,28.2
C2333,2025-02,paid_social,IN,low,discount,13,2,churned,26.0,16.05
C2334,2025-03,referral,UK,mid,discount,17,4,churned,68.0,10.92
C2335,2025-04,paid_social,UK,low,full_price,15,7,active,113.0,22.24
C2336,2025-05,referral,UK,mid,discount,17,1,churned,23.0,9.57
C2337,2025-06,search,US,low,discount,13,5,active,77.0,26.04
C2338,2025-01,search,US,low,discount,13,1,churned,17.0,16.34
C2339,2025-02,referral,IN,low,discount,13,8,churned,104.0,8.78
C2340,2025-03,search,UK,high,full_price,17,8,active,119.0,24.98
C2341,2025-04,search,US,high,full_price,15,7,active,113.0,15.28
C2342,2025-05,paid_social,IN,mid,full_price,15,6,churned,82.5,28.97
C2343,2025-06,paid_social,IN,mid,full_price,17,5,active,85.0,29.54
C2344,2025-01,referral,US,low,discount,13,5,churned,58.5,13.8
C2345,2025-02,paid_social,US,low,full_price,13,9,active,127.0,26.73
C2346,2025-03,paid_social,IN,low,discount,13,5,churned,73.0,26.04
C2347,2025-04,paid_social,CA,mid,full_price,13,7,active,95.0,25.88
C2348,2025-05,referral,IN,mid,discount,13,6,active,78.0,19.5
C2349,2025-06,referral,US,high,full_price,15,5,active,87.0,12.6
C2350,2025-01,referral,CA,high,discount,17,1,churned,16.5,14.55
C2351,2025-02,paid_social,UK,mid,full_price,15,9,active,149.0,39.83
C2352,2025-03,referral,CA,low,discount,13,4,churned,36.5,12.11
C2353,2025-04,paid_social,IN,high,discount,15,7,active,75.0,43.88
C2354,2025-05,search,CA,low,discount,13,5,churned,58.5,22.09
C2355,2025-06,search,US,mid,full_price,15,5,active,60.0,26.73
C2356,2025-01,referral,US,high,discount,13,7,churned,105.0,10.77
C2357,2025-02,paid_social,CA,mid,discount,13,7,churned,105.0,32.89
C2358,2025-03,search,US,low,discount,13,3,churned,39.0,14.07
C2359,2025-04,referral,IN,high,discount,17,7,active,129.0,8.98
C2360,2025-05,paid_social,US,mid,full_price,13,6,active,82.0,25.32
C2361,2025-06,referral,IN,low,discount,15,5,active,79.0,10.18
C2362,2025-01,search,IN,low,full_price,13,10,active,141.0,21.84
C2363,2025-02,search,US,high,full_price,17,9,active,144.0,31.57
C2364,2025-03,referral,US,high,discount,15,8,churned,124.5,12.94
C2365,2025-04,paid_social,US,low,full_price,13,7,active,103.0,31.51
C2366,2025-05,referral,US,low,discount,15,6,active,90.0,10.45
C2367,2025-06,referral,UK,high,full_price,17,5,active,93.0,12.91
C2368,2025-01,paid_social,US,high,full_price,15,10,active,149.0,23.94
C2369,2025-02,paid_social,US,mid,full_price,13,9,active,91.0,20.8
C2370,2025-03,paid_social,IN,mid,discount,15,3,churned,45.0,17.6
C2371,2025-04,search,UK,mid,full_price,17,1,churned,17.0,26.76
C2372,2025-05,referral,US,low,discount,15,6,churned,71.25,5.67
C2373,2025-06,paid_social,IN,mid,full_price,15,5,active,89.0,29.85
C2374,2025-01,paid_social,IN,mid,full_price,15,10,active,158.0,30.76
C2375,2025-02,paid_social,US,high,full_price,17,4,churned,72.0,30.91
C2376,2025-03,referral,IN,high,discount,17,2,churned,34.0,10.81
C2377,2025-04,search,US,mid,full_price,15,7,active,104.0,25.52
C2378,2025-05,referral,US,mid,discount,17,3,churned,42.5,12.47
C2379,2025-06,search,IN,low,full_price,13,1,churned,6.5,26.21
C2380,2025-01,paid_social,US,low,discount,13,7,churned,78.75,35.24
C2381,2025-02,search,US,mid,full_price,17,9,active,153.0,15.29
C2382,2025-03,search,UK,high,discount,17,1,churned,17.0,18.6
C2383,2025-04,search,CA,mid,full_price,15,7,active,121.0,20.76
C2384,2025-05,referral,CA,mid,full_price,15,6,active,94.0,13.1
C2385,2025-06,paid_social,US,low,discount,17,2,churned,38.0,22.35
C2386,2025-01,search,US,high,full_price,13,10,active,131.0,19.97
C2387,2025-02,search,UK,high,full_price,17,9,active,173.0,18.9
C2388,2025-03,search,US,low,full_price,13,8,active,103.0,19.49
C2389,2025-04,paid_social,IN,low,discount,13,4,churned,35.75,25.29
C2390,2025-05,paid_social,IN,mid,full_price,13,6,active,69.0,26.46
C2391,2025-06,referral,UK,low,full_price,15,5,active,81.0,9.88
C2392,2025-01,search,IN,high,full_price,17,10,active,178.0,24.7
C2393,2025-02,paid_social,UK,high,full_price,17,9,active,148.0,26.89
C2394,2025-03,referral,IN,mid,discount,15,8,churned,128.5,10.07
C2395,2025-04,paid_social,CA,low,discount,13,5,churned,52.0,24.37
C2396,2025-05,referral,US,low,discount,13,3,churned,45.0,11.06
C2397,2025-06,referral,UK,low,discount,13,3,churned,47.0,8.77
C2398,2025-01,referral,US,high,full_price,17,10,churned,184.0,11.01
C2399,2025-02,paid_social,US,low,discount,17,2,churned,34.0,37.4
C2400,2025-03,referral,UK,mid,discount,13,6,churned,73.0,6.36
C2401,2025-04,paid_social,UK,mid,full_price,15,7,active,105.0,23.14
C2402,2025-05,paid_social,CA,high,full_price,17,6,active,106.0,27.91
C2403,2025-06,search,US,high,discount,17,5,active,68.0,21.26
C2404,2025-01,referral,US,low,discount,13,1,churned,19.0,12.0
C2405,2025-02,referral,IN,low,discount,17,3,churned,59.0,11.52
C2406,2025-03,search,UK,mid,full_price,15,6,churned,98.0,21.01
C2407,2025-04,search,US,low,full_price,13,7,active,95.0,28.91
C2408,2025-05,paid_social,US,low,discount,13,1,churned,17.0,31.97
C2409,2025-06,paid_social,UK,low,discount,13,5,active,65.0,21.38
C2410,2025-01,search,CA,mid,full_price,17,10,active,184.0,18.7
C2411,2025-02,paid_social,UK,low,discount,13,5,churned,48.75,35.06
C2412,2025-03,referral,CA,mid,full_price,17,8,active,125.0,13.0
C2413,2025-04,paid_social,UK,high,discount,15,3,churned,45.0,22.86
C2414,2025-05,paid_social,US,mid,full_price,15,6,active,96.0,36.07
C2415,2025-06,referral,IN,low,discount,13,3,churned,39.0,10.3
C2416,2025-01,referral,UK,mid,discount,15,10,active,150.0,7.27
C2417,2025-02,paid_social,UK,low,discount,13,1,churned,19.0,27.09
C2418,2025-03,paid_social,US,high,full_price,17,8,active,127.0,31.99
C2419,2025-04,paid_social,US,high,full_price,17,7,active,85.0,23.9
C2420,2025-05,search,UK,mid,full_price,15,6,active,75.0,19.14
C2421,2025-06,search,CA,mid,full_price,13,2,churned,30.0,28.65
C2422,2025-01,search,CA,high,full_price,15,8,churned,134.5,23.36
C2423,2025-02,paid_social,US,low,discount,13,1,churned,0.0,20.85
C2424,2025-03,referral,US,low,discount,13,8,churned,104.0,11.33
C2425,2025-04,paid_social,IN,low,discount,15,5,churned,71.25,27.74
C2426,2025-05,paid_social,CA,mid,full_price,17,6,active,97.0,27.93
C2427,2025-06,paid_social,IN,low,discount,13,1,churned,13.0,22.24
C2428,2025-01,search,UK,high,full_price,17,10,active,153.0,22.69
C2429,2025-02,referral,IN,low,full_price,13,8,churned,104.0,7.07
C2430,2025-03,search,UK,mid,full_price,15,8,active,128.0,23.27
C2431,2025-04,paid_social,UK,low,discount,13,7,active,78.0,27.67
C2432,2025-05,referral,IN,high,full_price,17,6,active,102.0,13.43
C2433,2025-06,search,US,high,full_price,17,5,active,74.0,18.25
C2434,2025-01,referral,UK,low,discount,13,10,active,152.0,14.26
C2435,2025-02,paid_social,IN,mid,discount,13,9,active,141.0,28.97
C2436,2025-03,paid_social,IN,mid,full_price,13,7,churned,95.75,31.05
C2437,2025-04,referral,CA,high,full_price,15,2,churned,26.5,18.66
C2438,2025-05,referral,US,low,discount,13,1,churned,13.0,7.77
C2439,2025-06,referral,IN,low,discount,17,5,active,68.0,6.6
C2440,2025-01,search,UK,low,full_price,13,4,churned,38.5,25.7
C2441,2025-02,paid_social,IN,mid,discount,15,9,active,111.0,38.1
C2442,2025-03,referral,US,mid,full_price,17,8,active,129.0,11.36
C2443,2025-04,search,CA,mid,full_price,13,7,active,99.0,19.76
C2444,2025-05,search,CA,mid,full_price,15,6,active,94.0,25.8
C2445,2025-06,paid_social,IN,mid,discount,17,5,active,89.0,35.17
C2446,2025-01,referral,CA,mid,discount,13,3,churned,39.0,11.52
C2447,2025-02,paid_social,US,low,full_price,13,2,churned,26.0,23.35
C2448,2025-03,search,US,low,full_price,15,8,active,111.0,17.63
C2449,2025-04,search,UK,mid,full_price,15,7,active,98.0,14.05
C2450,2025-05,search,US,mid,discount,15,1,churned,7.5,18.41
C2451,2025-06,referral,US,low,discount,13,1,churned,0.0,11.94
C2452,2025-01,referral,IN,low,discount,13,10,active,110.0,10.72
C2453,2025-02,paid_social,US,low,discount,15,1,churned,15.0,40.8
C2454,2025-03,search,UK,mid,full_price,13,8,active,114.0,28.25
C2455,2025-04,paid_social,US,mid,discount,13,1,churned,13.0,26.11
C2456,2025-05,paid_social,IN,mid,discount,15,6,active,60.0,36.85
C2457,2025-06,referral,US,high,full_price,17,5,active,72.0,10.23
C2458,2025-01,referral,IN,mid,discount,15,2,churned,30.25,7.05
C2459,2025-02,search,IN,low,discount,13,4,churned,35.75,19.19
C2460,2025-03,search,US,low,full_price,13,8,active,112.0,27.7
C2461,2025-04,paid_social,US,mid,full_price,15,7,active,123.0,35.37
C2462,2025-05,paid_social,US,low,full_price,13,6,active,85.0,18.88
C2463,2025-06,referral,CA,mid,discount,13,5,churned,81.0,6.5
C2464,2025-01,referral,UK,low,full_price,13,10,active,130.0,10.65
C2465,2025-02,search,IN,low,full_price,15,9,active,149.0,19.32
C2466,2025-03,referral,US,mid,discount,15,4,churned,66.0,12.59
C2467,2025-04,referral,IN,low,discount,13,2,churned,23.5,5.78
C2468,2025-05,search,UK,high,full_price,15,6,active,94.0,21.3
C2469,2025-06,referral,UK,high,full_price,15,5,active,81.0,12.65
C2470,2025-01,paid_social,US,mid,full_price,13,10,active,146.0,26.73
C2471,2025-02,paid_social,US,low,full_price,17,9,active,157.0,17.92
C2472,2025-03,search,US,mid,full_price,15,3,churned,45.0,22.23
C2473,2025-04,search,US,high,full_price,17,7,active,110.0,8.86
C2474,2025-05,referral,US,mid,discount,15,1,churned,11.5,9.75
C2475,2025-06,referral,UK,low,discount,13,5,active,73.0,15.11
C2476,2025-01,search,UK,mid,full_price,13,1,churned,9.75,12.53
C2477,2025-02,search,US,high,full_price,17,9,active,136.0,20.82
C2478,2025-03,paid_social,IN,high,full_price,17,8,active,156.0,33.45
C2479,2025-04,paid_social,IN,low,discount,15,2,churned,22.5,28.39
C2480,2025-05,referral,IN,mid,discount,15,1,churned,19.0,12.45
C2481,2025-06,referral,IN,low,full_price,15,5,active,81.0,8.1
C2482,2025-01,paid_social,IN,mid,discount,17,9,churned,159.0,22.62
C2483,2025-02,referral,IN,mid,discount,15,4,churned,60.0,9.89
C2484,2025-03,referral,UK,mid,full_price,13,8,active,95.0,6.2
C2485,2025-04,search,US,high,full_price,15,7,active,113.0,24.79
C2486,2025-05,paid_social,IN,mid,full_price,13,6,active,84.0,19.27
C2487,2025-06,paid_social,UK,mid,full_price,15,5,active,83.0,29.27
C2488,2025-01,search,UK,mid,full_price,17,10,active,163.0,19.37
C2489,2025-02,referral,US,low,discount,13,9,active,121.0,14.32
C2490,2025-03,referral,UK,low,discount,15,1,churned,15.0,13.51
C2491,2025-04,paid_social,CA,mid,full_price,17,7,active,123.0,39.76
C2492,2025-05,paid_social,IN,mid,discount,17,6,churned,93.0,25.98
C2493,2025-06,referral,IN,high,discount,17,1,churned,0.0,11.75
C2494,2025-01,paid_social,US,low,full_price,13,10,churned,150.0,29.69
C2495,2025-02,referral,IN,mid,discount,15,3,churned,45.0,9.57
C2496,2025-03,paid_social,UK,low,discount,15,2,churned,30.0,37.96
C2497,2025-04,referral,IN,mid,discount,15,6,churned,90.5,4.81
C2498,2025-05,paid_social,IN,mid,discount,13,2,churned,22.75,30.15
C2499,2025-06,referral,US,mid,discount,15,3,churned,53.0,13.05
C2500,2025-01,search,CA,mid,discount,17,3,churned,51.0,19.96
C2501,2025-02,search,UK,mid,full_price,15,6,churned,90.0,31.04
C2502,2025-03,search,UK,high,full_price,15,1,churned,15.0,19.17
C2503,2025-04,referral,US,low,full_price,13,7,churned,101.0,15.08
C2504,2025-05,search,IN,high,full_price,17,6,active,102.0,23.93
C2505,2025-06,referral,IN,low,discount,13,2,churned,32.0,9.06
C2506,2025-01,referral,IN,low,discount,17,5,churned,80.75,5.69
C2507,2025-02,paid_social,IN,low,discount,13,3,churned,39.0,27.86
C2508,2025-03,search,US,mid,full_price,13,8,active,103.0,24.59
C2509,2025-04,paid_social,US,high,full_price,17,7,active,106.0,26.52
C2510,2025-05,referral,US,mid,discount,13,2,churned,22.75,11.05
C2511,2025-06,paid_social,US,high,full_price,15,5,active,81.0,36.97
C2512,2025-01,referral,UK,low,full_price,15,10,active,174.0,4.94
C2513,2025-02,search,US,low,full_price,13,4,churned,48.75,23.55
C2514,2025-03,paid_social,US,low,full_price,15,8,active,120.0,29.63
C2515,2025-04,referral,IN,low,discount,15,3,churned,37.5,6.91
C2516,2025-05,search,IN,low,discount,15,1,churned,7.5,30.28
C2517,2025-06,paid_social,IN,low,discount,13,2,churned,26.0,27.23
C2518,2025-01,search,US,low,discount,13,1,churned,9.75,24.85
C2519,2025-02,paid_social,UK,mid,full_price,15,7,churned,117.0,35.73
C2520,2025-03,search,CA,low,discount,13,4,churned,52.0,18.67
C2521,2025-04,referral,US,mid,full_price,15,5,churned,89.0,10.6
C2522,2025-05,search,CA,low,full_price,13,6,active,69.0,30.1
C2523,2025-06,referral,UK,mid,discount,13,2,churned,26.0,11.4
C2524,2025-01,referral,IN,low,discount,13,10,active,140.0,10.61
C2525,2025-02,search,CA,low,discount,15,1,churned,15.25,24.84
C2526,2025-03,referral,CA,mid,full_price,15,8,active,126.0,10.65
C2527,2025-04,referral,CA,low,discount,13,1,churned,13.75,12.2
C2528,2025-05,search,CA,high,discount,17,2,churned,34.0,19.72
C2529,2025-06,search,US,mid,discount,15,2,churned,30.25,25.85
C2530,2025-01,paid_social,UK,low,full_price,15,10,active,166.0,29.31
C2531,2025-02,paid_social,IN,low,discount,13,9,active,133.0,31.52
C2532,2025-03,search,IN,mid,discount,13,2,churned,26.0,19.25
C2533,2025-04,referral,CA,mid,discount,13,6,churned,78.0,14.13
C2534,2025-05,paid_social,UK,high,discount,17,6,active,89.0,27.66
C2535,2025-06,paid_social,US,low,discount,13,5,churned,52.0,22.61
C2536,2025-01,referral,UK,mid,discount,15,3,churned,53.0,11.41
C2537,2025-02,referral,UK,high,full_price,15,9,active,143.0,10.12
C2538,2025-03,referral,US,low,discount,17,5,churned,88.75,11.84
C2539,2025-04,paid_social,US,low,discount,13,7,active,101.0,18.16
C2540,2025-05,paid_social,IN,mid,discount,15,4,churned,41.25,29.32
C2541,2025-06,referral,US,low,discount,15,5,active,66.0,15.25
C2542,2025-01,referral,UK,low,discount,15,3,churned,34.0,9.74
C2543,2025-02,search,US,high,full_price,17,9,active,161.0,24.87
C2544,2025-03,paid_social,UK,mid,full_price,15,7,churned,83.0,22.98
C2545,2025-04,paid_social,UK,low,full_price,13,7,active,78.0,30.91
C2546,2025-05,paid_social,UK,low,discount,15,6,churned,98.0,30.26
C2547,2025-06,paid_social,IN,low,discount,13,4,churned,52.0,30.81
C2548,2025-01,paid_social,CA,mid,full_price,17,10,active,188.0,33.25
C2549,2025-02,paid_social,US,high,full_price,17,9,active,169.0,18.99
C2550,2025-03,paid_social,IN,high,full_price,15,8,active,128.0,34.53
C2551,2025-04,search,US,high,full_price,17,2,churned,35.75,32.86
C2552,2025-05,paid_social,UK,low,full_price,13,6,active,60.0,32.88
C2553,2025-06,referral,US,mid,full_price,15,5,active,75.0,13.47
C2554,2025-01,paid_social,US,high,full_price,15,10,active,156.0,32.41
C2555,2025-02,paid_social,IN,low,discount,13,1,churned,13.0,29.09
C2556,2025-03,search,UK,high,full_price,17,6,churned,112.0,27.32
C2557,2025-04,paid_social,CA,low,discount,13,1,churned,13.0,30.91
C2558,2025-05,search,US,low,discount,15,4,churned,68.0,37.72
C2559,2025-06,referral,US,mid,full_price,15,5,active,79.0,9.94
C2560,2025-01,referral,IN,low,discount,15,1,churned,15.0,7.92
C2561,2025-02,paid_social,UK,high,full_price,17,9,active,157.0,32.19
C2562,2025-03,referral,UK,low,discount,13,1,churned,13.0,1.8
C2563,2025-04,paid_social,IN,low,discount,13,7,churned,84.5,31.04
C2564,2025-05,paid_social,US,high,full_price,17,6,active,108.0,33.07
C2565,2025-06,referral,IN,low,discount,13,3,churned,39.0,7.66
C2566,2025-01,referral,UK,mid,discount,15,2,churned,36.0,10.76
C2567,2025-02,search,IN,mid,full_price,17,9,active,135.0,26.06
C2568,2025-03,paid_social,UK,high,discount,17,3,churned,51.0,22.15
C2569,2025-04,paid_social,UK,mid,discount,15,3,churned,51.5,30.31
C2570,2025-05,search,UK,low,discount,17,6,active,102.0,21.36
C2571,2025-06,search,UK,mid,full_price,15,5,active,75.0,19.2
C2572,2025-01,referral,US,mid,discount,15,10,active,149.0,14.15
C2573,2025-02,paid_social,US,high,full_price,17,2,churned,25.5,26.05
C2574,2025-03,search,IN,mid,full_price,15,8,active,105.0,35.57
C2575,2025-04,referral,IN,low,discount,13,1,churned,17.0,15.32
C2576,2025-05,referral,IN,low,discount,13,4,churned,45.5,6.51
C2577,2025-06,search,US,mid,full_price,13,5,active,58.0,15.9
C2578,2025-01,search,US,high,full_price,17,10,active,169.0,15.57
C2579,2025-02,paid_social,CA,high,full_price,15,9,active,157.0,16.24
C2580,2025-03,paid_social,CA,mid,full_price,17,8,active,136.0,18.67
C2581,2025-04,paid_social,US,mid,discount,13,1,churned,6.5,23.92
C2582,2025-05,referral,CA,mid,full_price,15,6,active,112.0,9.77
C2583,2025-06,paid_social,IN,mid,full_price,15,5,active,91.0,29.53
C2584,2025-01,referral,UK,mid,discount,15,9,churned,135.0,9.29
C2585,2025-02,referral,IN,low,discount,13,1,churned,13.0,7.87
C2586,2025-03,search,IN,low,discount,13,2,churned,32.0,20.07
C2587,2025-04,search,UK,high,full_price,15,7,active,115.0,28.07
C2588,2025-05,paid_social,UK,mid,discount,15,6,active,60.0,16.94
C2589,2025-06,search,IN,mid,full_price,15,5,active,75.0,28.3
C2590,2025-01,referral,IN,low,discount,15,7,churned,119.0,14.05
C2591,2025-02,search,US,mid,full_price,15,9,active,141.0,22.52
C2592,2025-03,paid_social,US,mid,discount,15,6,churned,90.0,22.76
C2593,2025-04,referral,US,low,discount,13,2,churned,30.0,9.65
C2594,2025-05,referral,IN,mid,discount,13,6,active,84.0,12.33
C2595,2025-06,search,US,low,discount,13,3,churned,38.5,25.16
C2596,2025-01,search,CA,mid,full_price,13,10,active,123.0,26.72
C2597,2025-02,paid_social,US,low,full_price,13,8,churned,105.0,28.26
C2598,2025-03,paid_social,US,low,full_price,13,2,churned,26.0,32.84
C2599,2025-04,search,UK,high,full_price,17,7,active,106.0,25.08
C2600,2025-05,referral,IN,high,discount,17,6,active,85.0,9.31
C2601,2025-06,search,CA,high,full_price,15,5,active,81.0,23.36
C2602,2025-01,paid_social,UK,high,discount,17,2,churned,42.0,40.63
C2603,2025-02,paid_social,IN,mid,discount,13,3,churned,28.75,31.53
C2604,2025-03,paid_social,IN,low,discount,13,8,churned,110.0,19.88
C2605,2025-04,search,UK,low,full_price,13,7,active,97.0,12.42
C2606,2025-05,referral,IN,low,discount,13,2,churned,26.0,9.77
C2607,2025-06,search,UK,low,full_price,13,5,active,71.0,21.91
C2608,2025-01,referral,IN,low,discount,13,3,churned,39.0,9.5
C2609,2025-02,paid_social,IN,low,full_price,13,9,active,117.0,24.19
C2610,2025-03,referral,CA,high,full_price,17,8,active,140.0,4.66
C2611,2025-04,search,US,mid,full_price,17,7,active,119.0,14.52
C2612,2025-05,paid_social,IN,low,discount,13,6,active,84.0,32.68
C2613,2025-06,referral,UK,low,discount,13,2,churned,34.0,13.52
C2614,2025-01,search,US,low,discount,13,4,churned,48.75,14.75
C2615,2025-02,referral,CA,mid,full_price,15,9,active,145.0,8.04
C2616,2025-03,referral,US,low,full_price,15,8,active,109.0,12.59
C2617,2025-04,referral,CA,mid,full_price,15,7,active,105.0,11.22
C2618,2025-05,paid_social,US,low,full_price,17,6,active,114.0,30.44
C2619,2025-06,referral,UK,low,discount,17,5,active,85.0,15.46
C2620,2025-01,search,UK,high,full_price,15,10,active,141.0,15.83
C2621,2025-02,paid_social,IN,low,discount,13,6,churned,38.0,31.93
C2622,2025-03,search,US,mid,discount,15,7,churned,101.5,15.17
C2623,2025-04,paid_social,UK,low,discount,15,3,churned,51.0,33.66
C2624,2025-05,search,UK,high,full_price,15,6,active,81.0,25.75
C2625,2025-06,referral,IN,low,discount,15,2,churned,30.0,11.27
C2626,2025-01,paid_social,US,mid,full_price,15,10,active,158.0,25.23
C2627,2025-02,referral,US,low,discount,13,7,churned,95.0,11.22
C2628,2025-03,paid_social,US,high,full_price,17,8,active,127.0,26.94
C2629,2025-04,search,CA,mid,full_price,13,7,active,86.0,22.25
C2630,2025-05,referral,UK,low,discount,15,5,churned,79.0,6.67
C2631,2025-06,referral,IN,mid,full_price,15,5,active,75.0,8.79
C2632,2025-01,referral,IN,low,discount,15,4,churned,72.0,9.85
C2633,2025-02,paid_social,US,mid,full_price,15,9,active,111.0,27.7
C2634,2025-03,paid_social,US,mid,full_price,17,8,active,142.0,23.13
C2635,2025-04,referral,US,high,discount,13,1,churned,19.0,14.26
C2636,2025-05,search,CA,high,full_price,17,6,active,102.0,33.78
C2637,2025-06,referral,UK,mid,discount,13,5,churned,58.5,12.12
C2638,2025-01,referral,US,high,full_price,17,10,active,188.0,14.47
C2639,2025-02,search,US,mid,full_price,17,9,active,163.0,21.0
C2640,2025-03,referral,UK,low,discount,13,5,churned,79.0,9.06
C2641,2025-04,search,CA,high,full_price,17,7,active,116.0,28.23
C2642,2025-05,search,US,high,full_price,17,6,active,110.0,23.38
C2643,2025-06,referral,IN,low,discount,15,5,active,81.0,10.0
C2644,2025-01,paid_social,US,high,discount,15,5,churned,75.0,30.77
C2645,2025-02,search,US,high,full_price,15,9,active,155.0,17.01
C2646,2025-03,paid_social,CA,mid,full_price,17,8,active,124.0,31.34
C2647,2025-04,paid_social,UK,low,full_price,13,7,active,86.0,18.61
C2648,2025-05,paid_social,UK,high,full_price,15,4,churned,68.0,30.48
C2649,2025-06,referral,CA,low,discount,15,2,churned,30.0,14.01
C2650,2025-01,search,IN,mid,discount,15,5,churned,60.0,20.51
C2651,2025-02,search,UK,low,full_price,13,9,active,125.0,19.45
C2652,2025-03,referral,CA,mid,full_price,15,8,active,124.0,7.04
C2653,2025-04,paid_social,CA,low,discount,15,7,active,109.0,27.02
C2654,2025-05,search,US,mid,full_price,13,6,active,86.0,24.95
C2655,2025-06,search,IN,low,discount,13,5,active,65.0,12.0
C2656,2025-01,referral,US,mid,full_price,15,7,churned,86.25,13.7
C2657,2025-02,referral,US,mid,full_price,13,9,active,125.0,6.63
C2658,2025-03,search,CA,high,full_price,17,8,active,125.0,21.53
C2659,2025-04,search,US,high,full_price,17,7,active,127.0,13.38
C2660,2025-05,referral,IN,low,discount,13,1,churned,13.0,12.14
C2661,2025-06,paid_social,US,low,discount,15,1,churned,11.25,23.74
C2662,2025-01,search,CA,high,discount,15,2,churned,28.5,18.28
C2663,2025-02,paid_social,IN,mid,discount,15,2,churned,19.0,15.31
C2664,2025-03,referral,US,low,discount,17,8,churned,142.0,14.52
C2665,2025-04,paid_social,CA,low,full_price,13,7,active,78.0,27.95
C2666,2025-05,paid_social,US,high,discount,17,3,churned,42.5,29.52
C2667,2025-06,paid_social,US,high,full_price,17,3,churned,51.0,23.29
C2668,2025-01,search,UK,high,discount,17,1,churned,17.0,30.33
C2669,2025-02,paid_social,CA,low,discount,13,2,churned,30.75,43.78
C2670,2025-03,referral,IN,mid,discount,15,7,churned,90.0,6.65
C2671,2025-04,paid_social,US,mid,full_price,15,7,active,96.0,22.18
C2672,2025-05,search,IN,low,discount,15,1,churned,11.25,21.78
C2673,2025-06,search,US,low,full_price,15,5,active,83.0,28.31
C2674,2025-01,referral,IN,mid,discount,15,3,churned,45.0,3.89
C2675,2025-02,referral,IN,mid,discount,15,6,churned,90.0,10.64
C2676,2025-03,search,IN,low,discount,15,3,churned,26.25,15.42
C2677,2025-04,referral,IN,low,discount,13,2,churned,19.5,9.09
C2678,2025-05,referral,IN,mid,discount,15,6,active,98.0,15.21
C2679,2025-06,search,CA,mid,full_price,15,5,active,79.0,25.84
C2680,2025-01,paid_social,US,high,full_price,15,3,churned,45.0,27.78
C2681,2025-02,referral,IN,mid,discount,15,6,churned,81.0,14.87
C2682,2025-03,search,US,mid,full_price,17,8,active,133.0,26.95
C2683,2025-04,referral,CA,mid,full_price,13,7,active,97.0,8.91
C2684,2025-05,search,US,mid,full_price,17,6,active,102.0,25.28
C2685,2025-06,search,US,high,full_price,17,5,active,89.0,28.89
C2686,2025-01,referral,US,mid,discount,15,1,churned,11.25,6.07
C2687,2025-02,referral,US,low,discount,13,2,churned,34.0,9.71
C2688,2025-03,search,US,mid,full_price,17,5,churned,85.0,19.79
C2689,2025-04,paid_social,CA,mid,full_price,15,7,active,117.0,19.5
C2690,2025-05,referral,UK,low,discount,15,3,churned,30.0,8.56
C2691,2025-06,search,US,low,discount,13,1,churned,13.0,20.7
C2692,2025-01,paid_social,UK,high,full_price,17,10,active,178.0,27.68
C2693,2025-02,referral,UK,high,full_price,17,9,active,171.0,16.69
C2694,2025-03,referral,US,low,full_price,15,8,active,150.0,11.79
C2695,2025-04,search,US,high,full_price,15,7,active,119.0,23.78
C2696,2025-05,referral,IN,low,discount,13,1,churned,13.0,11.26
C2697,2025-06,search,UK,low,discount,13,5,active,65.0,21.29
C2698,2025-01,referral,US,mid,full_price,15,10,active,166.0,14.59
C2699,2025-02,paid_social,CA,low,full_price,13,9,active,127.0,22.25
C2700,2025-03,paid_social,IN,low,discount,13,2,churned,19.5,23.75
C2701,2025-04,paid_social,US,mid,full_price,17,5,churned,85.0,31.5
C2702,2025-05,referral,CA,low,full_price,13,3,churned,19.5,15.61
C2703,2025-06,paid_social,CA,low,full_price,13,5,active,71.0,18.77
C2704,2025-01,paid_social,UK,high,full_price,15,10,active,170.0,34.66
C2705,2025-02,paid_social,UK,mid,full_price,13,9,active,117.0,28.7
C2706,2025-03,referral,IN,high,discount,17,2,churned,29.75,14.35
C2707,2025-04,paid_social,CA,high,full_price,17,7,active,119.0,15.98
C2708,2025-05,paid_social,CA,low,full_price,15,6,active,98.0,26.63
C2709,2025-06,referral,CA,low,full_price,17,3,churned,23.0,10.14
C2710,2025-01,search,UK,high,full_price,15,10,churned,143.0,30.29
C2711,2025-02,paid_social,US,mid,full_price,15,4,churned,68.0,22.23
C2712,2025-03,paid_social,IN,low,discount,13,5,churned,60.0,30.07
C2713,2025-04,paid_social,US,low,discount,13,3,churned,40.5,35.82
C2714,2025-05,referral,UK,mid,discount,15,4,churned,60.25,8.9
C2715,2025-06,referral,US,low,full_price,15,5,active,75.0,9.86
C2716,2025-01,referral,IN,high,discount,15,3,churned,45.0,9.26
C2717,2025-02,paid_social,CA,low,discount,13,9,churned,135.0,17.27
C2718,2025-03,paid_social,UK,low,discount,13,7,churned,90.0,34.72
C2719,2025-04,paid_social,IN,mid,discount,13,7,churned,86.0,21.76
C2720,2025-05,paid_social,UK,low,discount,13,1,churned,13.0,22.45
C2721,2025-06,paid_social,UK,mid,full_price,15,5,active,81.0,21.93
C2722,2025-01,search,US,mid,full_price,17,10,active,192.0,23.71
C2723,2025-02,search,IN,low,discount,15,9,active,143.0,28.85
C2724,2025-03,referral,IN,mid,discount,15,4,churned,41.25,9.3
C2725,2025-04,search,UK,mid,full_price,15,7,active,111.0,12.62
C2726,2025-05,paid_social,UK,low,discount,13,6,active,92.0,28.48
C2727,2025-06,referral,IN,low,full_price,15,5,active,75.0,12.67
C2728,2025-01,referral,IN,low,discount,15,10,active,164.0,9.95
C2729,2025-02,search,US,high,discount,17,5,churned,96.75,27.03
C2730,2025-03,search,UK,mid,full_price,13,8,active,114.0,28.54
C2731,2025-04,search,US,mid,full_price,17,7,active,123.0,15.18
C2732,2025-05,paid_social,UK,mid,full_price,13,6,active,88.0,25.79
C2733,2025-06,referral,UK,low,discount,13,5,active,65.0,8.9
C2734,2025-01,paid_social,IN,mid,full_price,15,5,churned,75.0,27.08
C2735,2025-02,search,CA,low,full_price,13,4,churned,52.0,30.24
C2736,2025-03,search,UK,mid,full_price,15,8,active,115.0,22.22
C2737,2025-04,search,UK,high,full_price,17,7,churned,127.0,16.69
C2738,2025-05,paid_social,IN,mid,discount,15,4,churned,68.0,28.12
C2739,2025-06,search,UK,high,discount,17,5,churned,80.75,34.2
C2740,2025-01,referral,UK,low,discount,13,8,churned,107.0,7.29
C2741,2025-02,referral,IN,mid,discount,17,1,churned,17.0,13.73
C2742,2025-03,search,UK,high,full_price,15,8,active,128.0,30.81
C2743,2025-04,referral,UK,low,discount,15,2,churned,26.25,10.88
C2744,2025-05,referral,US,high,full_price,15,6,active,100.0,11.11
C2745,2025-06,paid_social,US,low,full_price,13,5,active,52.0,23.97
C2746,2025-01,referral,US,mid,discount,15,4,churned,66.0,13.33
C2747,2025-02,paid_social,CA,mid,full_price,13,9,active,113.0,10.18
C2748,2025-03,referral,UK,low,discount,17,4,churned,72.0,9.79
C2749,2025-04,paid_social,US,low,discount,13,7,active,113.0,30.47
C2750,2025-05,paid_social,IN,low,full_price,15,6,active,106.0,23.5
C2751,2025-06,paid_social,UK,low,discount,13,2,churned,32.0,27.89
C2752,2025-01,referral,US,high,full_price,13,2,churned,26.0,15.22
C2753,2025-02,search,CA,low,full_price,13,9,active,131.0,23.22
C2754,2025-03,referral,UK,high,discount,17,2,churned,34.0,12.22
C2755,2025-04,referral,US,mid,full_price,13,4,churned,60.0,11.62
C2756,2025-05,search,US,mid,full_price,15,6,active,100.0,13.1
C2757,2025-06,referral,UK,mid,full_price,15,5,active,75.0,11.78
C2758,2025-01,paid_social,US,mid,full_price,15,10,active,164.0,27.14
C2759,2025-02,paid_social,CA,high,discount,17,9,active,161.0,31.01
C2760,2025-03,search,US,mid,full_price,15,8,active,124.0,20.18
C2761,2025-04,referral,UK,low,full_price,13,7,active,95.0,14.65
C2762,2025-05,referral,CA,low,discount,13,6,churned,52.0,4.89
C2763,2025-06,paid_social,US,high,full_price,15,5,active,83.0,27.53
C2764,2025-01,paid_social,US,mid,full_price,15,5,churned,87.0,33.32
C2765,2025-02,search,IN,high,full_price,15,9,active,159.0,17.99
C2766,2025-03,referral,UK,low,full_price,13,8,active,104.0,7.08
C2767,2025-04,referral,UK,low,full_price,13,7,active,91.0,8.2
C2768,2025-05,search,UK,low,full_price,15,6,active,60.0,15.25
C2769,2025-06,paid_social,CA,mid,full_price,15,5,active,75.0,20.13
C2770,2025-01,referral,IN,mid,discount,15,5,churned,75.0,11.3
C2771,2025-02,referral,IN,mid,discount,15,2,churned,22.5,8.88
C2772,2025-03,referral,IN,mid,full_price,15,8,active,125.0,13.71
C2773,2025-04,paid_social,US,mid,full_price,13,7,active,97.0,34.76
C2774,2025-05,paid_social,UK,low,discount,13,4,churned,51.5,28.76
C2775,2025-06,referral,UK,low,discount,13,5,churned,65.0,9.91
C2776,2025-01,paid_social,IN,mid,discount,15,1,churned,23.0,22.43
C2777,2025-02,search,CA,low,discount,13,9,active,135.0,19.82
C2778,2025-03,search,IN,mid,full_price,15,8,active,142.0,24.62
C2779,2025-04,referral,UK,high,full_price,15,7,active,106.0,11.19
C2780,2025-05,referral,UK,mid,full_price,13,6,active,92.0,9.4
C2781,2025-06,paid_social,CA,high,full_price,15,5,active,87.0,22.67
C2782,2025-01,search,UK,mid,full_price,13,10,active,133.0,23.79
C2783,2025-02,referral,US,low,discount,13,9,active,125.0,14.48
C2784,2025-03,paid_social,CA,high,full_price,17,8,active,148.0,29.92
C2785,2025-04,paid_social,US,low,full_price,13,7,active,99.0,27.12
C2786,2025-05,paid_social,IN,mid,full_price,13,6,active,78.0,31.59
C2787,2025-06,referral,UK,low,discount,13,5,churned,48.75,5.11
C2788,2025-01,referral,IN,mid,discount,15,6,churned,102.0,12.06
C2789,2025-02,referral,UK,mid,full_price,15,9,active,120.0,9.71
C2790,2025-03,search,US,mid,full_price,15,7,churned,123.25,20.43
C2791,2025-04,search,UK,high,full_price,13,7,active,65.0,22.7
C2792,2025-05,referral,UK,mid,full_price,17,6,active,108.0,12.02
C2793,2025-06,paid_social,IN,mid,full_price,17,5,active,85.0,20.33
C2794,2025-01,search,IN,low,discount,13,8,churned,109.5,21.04
C2795,2025-02,referral,CA,low,discount,13,9,active,121.0,2.68
C2796,2025-03,search,UK,high,discount,17,1,churned,8.5,15.99
C2797,2025-04,referral,US,mid,discount,15,1,churned,15.0,11.85
C2798,2025-05,search,UK,high,full_price,15,6,active,98.0,20.62
C2799,2025-06,referral,UK,low,discount,13,1,churned,13.0,10.69
C2800,2025-01,referral,IN,high,discount,15,2,churned,26.25,11.79
C2801,2025-02,paid_social,CA,mid,full_price,15,9,active,120.0,31.71
C2802,2025-03,paid_social,CA,low,full_price,15,8,active,120.0,48.56
C2803,2025-04,paid_social,IN,mid,discount,17,1,churned,17.0,18.05
C2804,2025-05,paid_social,UK,low,discount,15,6,active,75.0,19.68
C2805,2025-06,referral,UK,low,discount,13,1,churned,13.0,7.23
C2806,2025-01,paid_social,UK,mid,discount,15,10,active,143.0,30.71
C2807,2025-02,search,US,high,full_price,17,9,active,142.0,16.8
C2808,2025-03,paid_social,US,low,discount,13,2,churned,26.0,20.53
C2809,2025-04,paid_social,CA,mid,full_price,17,7,active,119.0,34.26
C2810,2025-05,search,UK,mid,full_price,15,6,active,51.0,14.91
C2811,2025-06,search,UK,low,full_price,13,5,churned,77.0,28.72
C2812,2025-01,referral,US,mid,full_price,17,5,churned,86.75,13.28
C2813,2025-02,referral,IN,high,full_price,17,9,active,140.0,10.66
C2814,2025-03,paid_social,UK,mid,full_price,13,8,active,110.0,32.37
C2815,2025-04,paid_social,CA,low,discount,13,4,churned,60.0,27.16
C2816,2025-05,paid_social,UK,high,full_price,15,6,active,90.0,27.17
C2817,2025-06,search,UK,mid,full_price,17,5,active,72.0,25.14
C2818,2025-01,paid_social,US,mid,full_price,15,10,active,160.0,23.32
C2819,2025-02,search,UK,low,full_price,13,9,active,118.0,20.95
C2820,2025-03,referral,US,mid,full_price,15,8,active,132.0,13.07
C2821,2025-04,referral,US,mid,discount,15,7,active,100.0,7.96
C2822,2025-05,search,CA,low,discount,15,6,active,81.0,28.4
C2823,2025-06,paid_social,US,mid,full_price,13,5,active,71.0,18.2
C2824,2025-01,search,UK,mid,full_price,17,10,active,137.0,20.97
C2825,2025-02,paid_social,IN,low,discount,15,8,churned,126.5,23.92
C2826,2025-03,search,UK,low,discount,13,6,churned,78.0,21.39
C2827,2025-04,referral,IN,mid,discount,15,6,churned,79.5,9.62
C2828,2025-05,paid_social,UK,low,discount,13,1,churned,9.75,41.15
C2829,2025-06,paid_social,UK,low,full_price,15,5,active,75.0,32.04
C2830,2025-01,referral,US,low,discount,15,1,churned,7.5,11.65
C2831,2025-02,search,IN,low,discount,13,2,churned,13.0,16.37
C2832,2025-03,search,CA,mid,full_price,17,8,churned,124.0,33.24
C2833,2025-04,search,IN,mid,full_price,15,7,active,117.0,32.15
C2834,2025-05,referral,US,low,discount,13,6,active,83.0,11.92
C2835,2025-06,referral,UK,mid,discount,13,4,churned,65.5,9.25
C2836,2025-01,paid_social,US,high,full_price,15,10,active,154.0,28.91
C2837,2025-02,search,UK,high,full_price,17,3,churned,51.0,16.34
C2838,2025-03,referral,CA,mid,discount,13,1,churned,13.0,8.09
C2839,2025-04,referral,UK,mid,discount,15,5,churned,62.25,9.85
C2840,2025-05,referral,UK,low,discount,13,1,churned,13.0,8.68
C2841,2025-06,search,UK,high,full_price,17,5,active,85.0,15.26
C2842,2025-01,referral,US,low,full_price,13,10,active,156.0,15.13
C2843,2025-02,referral,IN,low,full_price,13,9,active,125.0,15.75
C2844,2025-03,referral,IN,low,discount,17,5,churned,82.0,7.87
C2845,2025-04,paid_social,US,low,discount,15,7,active,123.0,29.2
C2846,2025-05,search,UK,mid,discount,15,3,churned,41.25,19.77
C2847,2025-06,paid_social,IN,mid,discount,15,5,active,81.0,22.79
C2848,2025-01,referral,IN,mid,discount,15,3,churned,37.5,13.82
C2849,2025-02,paid_social,US,low,discount,15,1,churned,15.0,25.95
C2850,2025-03,paid_social,CA,low,full_price,13,8,active,104.0,21.8
C2851,2025-04,paid_social,IN,mid,discount,15,7,active,98.0,35.38
C2852,2025-05,referral,IN,low,discount,13,1,churned,13.0,9.31
C2853,2025-06,paid_social,CA,mid,full_price,15,5,active,83.0,27.43
C2854,2025-01,search,IN,mid,discount,17,1,churned,17.0,28.4
C2855,2025-02,paid_social,IN,mid,discount,15,3,churned,26.25,19.67
C2856,2025-03,search,US,low,discount,13,1,churned,17.0,28.01
C2857,2025-04,referral,US,mid,discount,15,7,active,105.0,9.38
C2858,2025-05,referral,UK,high,discount,17,6,active,112.0,13.93
C2859,2025-06,paid_social,IN,mid,full_price,13,5,active,71.0,39.3
C2860,2025-01,paid_social,CA,mid,full_price,15,7,churned,125.0,13.11
C2861,2025-02,search,US,low,full_price,13,9,active,110.0,22.04
C2862,2025-03,referral,US,low,discount,13,1,churned,13.0,16.18
C2863,2025-04,search,IN,mid,discount,15,1,churned,11.25,18.33
C2864,2025-05,paid_social,US,mid,full_price,17,6,active,108.0,42.79
C2865,2025-06,search,IN,mid,discount,13,5,active,65.0,20.75
C2866,2025-01,search,IN,low,discount,13,1,churned,9.75,18.07
C2867,2025-02,search,IN,low,full_price,13,9,active,135.0,21.12
C2868,2025-03,referral,US,low,discount,13,1,churned,-6.5,12.99
C2869,2025-04,search,IN,high,discount,17,4,churned,72.0,13.5
C2870,2025-05,search,US,mid,full_price,13,6,active,78.0,17.93
C2871,2025-06,search,US,mid,full_price,15,5,active,83.0,15.57
C2872,2025-01,search,UK,mid,full_price,15,6,churned,96.0,17.51
C2873,2025-02,search,CA,low,full_price,13,9,active,95.0,25.04
C2874,2025-03,search,UK,high,full_price,13,8,active,118.0,15.62
C2875,2025-04,paid_social,UK,mid,full_price,15,7,active,115.0,32.28
C2876,2025-05,referral,UK,low,discount,13,1,churned,13.0,15.28
C2877,2025-06,search,US,low,discount,13,5,active,71.0,22.46
C2878,2025-01,paid_social,US,low,discount,13,4,churned,58.0,20.84
C2879,2025-02,paid_social,UK,low,discount,13,7,churned,103.0,35.84
C2880,2025-03,referral,IN,low,discount,13,2,churned,34.0,11.54
C2881,2025-04,paid_social,CA,high,full_price,17,7,active,106.0,32.35
C2882,2025-05,referral,CA,low,full_price,15,6,churned,75.0,11.48
C2883,2025-06,paid_social,CA,low,full_price,13,5,active,65.0,33.95
C2884,2025-01,paid_social,UK,low,full_price,13,10,active,133.0,17.53
C2885,2025-02,paid_social,US,mid,full_price,15,9,active,126.0,25.55
C2886,2025-03,referral,US,mid,discount,15,8,churned,105.25,9.1
C2887,2025-04,search,UK,mid,discount,17,2,churned,42.0,14.56
C2888,2025-05,referral,US,mid,discount,17,5,churned,93.0,12.19
C2889,2025-06,search,CA,high,full_price,15,3,churned,51.0,15.47
C2890,2025-01,referral,CA,high,full_price,17,9,churned,144.5,11.51
C2891,2025-02,paid_social,UK,low,discount,13,9,active,135.0,32.1
C2892,2025-03,referral,CA,mid,discount,17,1,churned,17.0,10.78
C2893,2025-04,search,US,low,full_price,13,7,active,99.0,25.5
C2894,2025-05,search,CA,low,discount,13,3,churned,43.0,21.85
C2895,2025-06,search,US,high,full_price,15,5,active,64.0,18.86
C2896,2025-01,paid_social,UK,mid,full_price,15,10,active,145.0,26.57
C2897,2025-02,paid_social,IN,high,discount,15,6,churned,79.0,18.93
C2898,2025-03,paid_social,IN,high,full_price,17,8,active,140.0,21.33
C2899,2025-04,search,UK,low,full_price,15,1,churned,15.0,34.16
C2900,2025-05,referral,CA,mid,full_price,15,6,active,98.0,11.36
C2901,2025-06,paid_social,IN,low,discount,13,1,churned,13.0,24.93
C2902,2025-01,paid_social,US,high,full_price,13,10,active,136.0,28.26
C2903,2025-02,paid_social,UK,low,discount,13,7,churned,97.0,28.43
C2904,2025-03,referral,US,mid,discount,15,7,churned,97.5,19.5
C2905,2025-04,search,UK,mid,discount,17,1,churned,17.0,21.1
C2906,2025-05,paid_social,IN,high,full_price,15,6,active,90.0,37.79
C2907,2025-06,paid_social,IN,high,discount,15,5,active,83.0,38.13
C2908,2025-01,search,CA,mid,full_price,15,10,active,150.0,17.83
C2909,2025-02,paid_social,US,low,discount,13,5,churned,65.0,21.53
C2910,2025-03,referral,UK,low,discount,13,2,churned,26.0,6.79
C2911,2025-04,referral,IN,low,discount,13,2,churned,22.75,10.31
C2912,2025-05,paid_social,CA,mid,discount,15,2,churned,38.0,28.05
C2913,2025-06,paid_social,CA,mid,full_price,17,5,active,85.0,22.65
C2914,2025-01,paid_social,CA,mid,full_price,17,10,active,169.0,20.9
C2915,2025-02,search,UK,high,full_price,17,9,active,163.0,18.02
C2916,2025-03,paid_social,IN,low,discount,15,3,churned,30.0,34.8
C2917,2025-04,search,US,mid,full_price,17,7,active,116.0,23.73
C2918,2025-05,search,UK,mid,full_price,15,6,active,94.0,26.73
C2919,2025-06,paid_social,UK,mid,full_price,13,5,active,52.0,37.42
C2920,2025-01,paid_social,IN,low,discount,13,4,churned,58.75,33.46
C2921,2025-02,referral,IN,low,discount,13,9,active,116.0,9.16
C2922,2025-03,paid_social,CA,high,full_price,15,8,active,132.0,30.14
C2923,2025-04,referral,US,low,discount,13,1,churned,9.75,11.35
C2924,2025-05,paid_social,IN,high,discount,17,6,active,102.0,32.29
C2925,2025-06,referral,US,low,discount,13,1,churned,9.75,12.56
C2926,2025-01,paid_social,IN,mid,discount,15,5,churned,77.25,37.29
C2927,2025-02,paid_social,CA,low,full_price,13,9,active,112.0,36.07
C2928,2025-03,referral,UK,mid,discount,15,3,churned,37.5,10.18
C2929,2025-04,paid_social,IN,low,discount,15,7,active,105.0,31.87
C2930,2025-05,referral,UK,mid,full_price,15,6,active,104.0,17.79
C2931,2025-06,referral,CA,high,full_price,15,1,churned,21.0,8.45
C2932,2025-01,search,CA,low,discount,13,1,churned,13.0,24.65
C2933,2025-02,paid_social,IN,mid,full_price,15,9,active,149.0,30.32
C2934,2025-03,search,IN,mid,full_price,17,8,active,136.0,23.4
C2935,2025-04,referral,CA,low,full_price,13,7,active,91.0,14.98
C2936,2025-05,paid_social,CA,low,full_price,15,3,churned,49.0,19.93
C2937,2025-06,referral,IN,high,discount,17,5,active,68.0,13.22
C2938,2025-01,referral,US,mid,full_price,15,1,churned,15.0,7.01
C2939,2025-02,search,IN,low,discount,13,2,churned,19.5,27.56
C2940,2025-03,search,UK,low,discount,17,8,active,108.0,29.96
C2941,2025-04,referral,US,low,discount,13,4,churned,60.75,9.93
C2942,2025-05,search,US,mid,discount,15,6,active,104.0,23.38
C2943,2025-06,search,UK,low,full_price,13,5,active,65.0,21.44
C2944,2025-01,search,US,low,discount,15,1,churned,0.0,24.16
C2945,2025-02,paid_social,US,high,full_price,13,7,churned,105.0,24.61
C2946,2025-03,paid_social,US,mid,full_price,17,8,active,136.0,22.82
C2947,2025-04,paid_social,UK,high,full_price,17,7,active,123.0,23.29
C2948,2025-05,paid_social,UK,high,full_price,13,6,active,71.0,17.99
C2949,2025-06,paid_social,US,low,discount,13,3,churned,34.0,42.33
C2950,2025-01,referral,CA,mid,full_price,15,1,churned,11.25,10.5
C2951,2025-02,referral,US,low,discount,13,6,churned,78.0,7.67
C2952,2025-03,search,IN,low,full_price,13,8,active,114.0,28.01
C2953,2025-04,referral,IN,low,discount,13,2,churned,26.0,8.49
C2954,2025-05,search,CA,high,full_price,17,6,active,102.0,23.85
C2955,2025-06,referral,US,low,discount,13,5,active,65.0,7.88
C2956,2025-01,search,US,low,full_price,13,10,active,130.0,22.01
C2957,2025-02,paid_social,IN,low,discount,13,6,churned,82.0,33.2
C2958,2025-03,search,CA,high,full_price,17,8,active,136.0,23.32
C2959,2025-04,search,IN,low,discount,15,6,churned,94.0,28.16
C2960,2025-05,referral,US,mid,full_price,13,2,churned,34.0,8.25
C2961,2025-06,paid_social,IN,low,discount,13,5,churned,62.5,26.01
C2962,2025-01,referral,US,mid,discount,13,1,churned,13.0,11.46
C2963,2025-02,referral,US,mid,discount,15,8,churned,132.0,9.11
C2964,2025-03,paid_social,US,mid,full_price,15,7,churned,135.0,25.57
C2965,2025-04,search,US,low,discount,13,2,churned,19.5,22.62
C2966,2025-05,referral,UK,mid,discount,13,6,active,90.0,8.48
C2967,2025-06,paid_social,UK,low,discount,13,2,churned,19.5,26.04
C2968,2025-01,search,IN,low,discount,13,5,churned,77.0,23.38
C2969,2025-02,search,UK,low,full_price,15,9,churned,135.5,17.61
C2970,2025-03,paid_social,US,mid,full_price,13,8,active,103.0,34.47
C2971,2025-04,referral,US,mid,discount,17,4,churned,67.75,8.4
C2972,2025-05,referral,IN,low,discount,15,2,churned,30.0,10.23
C2973,2025-06,paid_social,IN,mid,discount,17,5,active,68.0,35.25
C2974,2025-01,paid_social,IN,high,discount,17,2,churned,29.75,15.72
C2975,2025-02,referral,US,high,full_price,15,9,active,135.0,8.59
C2976,2025-03,referral,UK,mid,discount,17,4,churned,59.5,12.46
C2977,2025-04,referral,US,low,discount,13,1,churned,13.0,12.57
C2978,2025-05,referral,US,mid,full_price,13,6,active,88.0,12.23
C2979,2025-06,search,UK,low,discount,13,5,active,71.0,15.24
C2980,2025-01,paid_social,US,mid,full_price,15,10,active,160.0,18.94
C2981,2025-02,paid_social,IN,low,discount,13,9,churned,139.0,31.61
C2982,2025-03,paid_social,UK,low,discount,13,5,churned,79.0,26.86
C2983,2025-04,referral,CA,high,full_price,17,4,churned,72.0,10.26
C2984,2025-05,referral,US,low,discount,13,2,churned,26.0,10.02
C2985,2025-06,search,UK,mid,full_price,17,5,active,97.0,18.89
C2986,2025-01,paid_social,US,low,discount,13,5,churned,81.0,17.51
C2987,2025-02,paid_social,UK,high,full_price,17,2,churned,25.5,26.75
C2988,2025-03,referral,US,low,discount,15,7,churned,111.0,7.44
C2989,2025-04,paid_social,US,low,discount,13,1,churned,17.0,22.55
C2990,2025-05,referral,US,low,discount,13,1,churned,13.0,8.79
C2991,2025-06,referral,CA,high,full_price,17,1,churned,14.5,7.32
C2992,2025-01,paid_social,IN,mid,full_price,15,10,active,134.0,34.09
C2993,2025-02,paid_social,US,low,discount,13,9,churned,112.0,30.55
C2994,2025-03,referral,UK,mid,discount,15,8,active,124.0,7.8
C2995,2025-04,search,CA,low,discount,13,4,churned,52.0,13.96
C2996,2025-05,paid_social,CA,high,full_price,13,6,active,78.0,25.91
C2997,2025-06,paid_social,US,low,discount,13,4,churned,58.0,25.06
C2998,2025-01,paid_social,IN,mid,discount,15,6,churned,72.0,33.17
C2999,2025-02,search,IN,low,discount,13,9,churned,117.0,21.13
C3000,2025-03,referral,CA,low,discount,13,7,churned,95.0,12.58
C3001,2025-04,search,US,mid,full_price,15,7,active,90.0,20.49
C3002,2025-05,referral,US,high,full_price,17,6,active,74.0,5.99
C3003,2025-06,paid_social,IN,low,discount,13,1,churned,13.0,27.02
C3004,2025-01,search,US,high,full_price,17,1,churned,17.0,22.0
C3005,2025-02,search,US,high,full_price,17,9,active,161.0,25.1
C3006,2025-03,referral,CA,low,discount,17,4,churned,68.0,7.55
C3007,2025-04,paid_social,US,mid,discount,17,3,churned,51.0,23.73
C3008,2025-05,search,US,high,full_price,17,6,active,102.0,24.11
C3009,2025-06,search,UK,low,full_price,15,5,active,51.0,25.7
C3010,2025-01,referral,IN,low,discount,13,9,churned,127.0,10.31
C3011,2025-02,search,US,low,discount,15,9,active,120.0,29.71
C3012,2025-03,referral,US,low,discount,15,2,churned,26.25,10.72
C3013,2025-04,search,US,low,discount,13,4,churned,64.0,24.9
C3014,2025-05,referral,IN,high,discount,17,4,churned,69.5,13.34
C3015,2025-06,paid_social,UK,high,full_price,17,2,churned,34.0,22.5
C3016,2025-01,search,US,high,full_price,15,10,active,143.0,19.11
C3017,2025-02,referral,US,mid,discount,13,9,active,116.0,11.18
C3018,2025-03,paid_social,US,low,discount,13,6,churned,78.0,41.24
C3019,2025-04,paid_social,US,low,discount,13,5,churned,61.75,23.69
C3020,2025-05,referral,CA,low,discount,13,6,active,69.0,11.1
C3021,2025-06,referral,IN,low,discount,13,1,churned,13.0,7.28
C3022,2025-01,search,IN,high,full_price,17,10,active,176.0,22.65
C3023,2025-02,paid_social,IN,mid,discount,15,1,churned,19.25,39.06
C3024,2025-03,referral,IN,low,discount,13,8,active,91.0,11.25
C3025,2025-04,referral,US,mid,discount,17,2,churned,34.0,12.31
C3026,2025-05,paid_social,US,high,full_price,17,6,active,102.0,27.92
C3027,2025-06,paid_social,US,high,full_price,17,5,active,68.0,29.41
C3028,2025-01,search,CA,high,discount,17,4,churned,63.75,24.71
C3029,2025-02,referral,IN,low,discount,13,9,active,91.0,15.12
C3030,2025-03,paid_social,UK,mid,discount,13,8,active,114.0,27.18
C3031,2025-04,referral,CA,mid,full_price,17,7,active,131.0,9.33
C3032,2025-05,search,IN,low,discount,15,2,churned,32.25,22.99
C3033,2025-06,search,CA,high,full_price,15,5,active,75.0,24.26
C3034,2025-01,referral,US,mid,discount,15,6,churned,77.25,9.74
C3035,2025-02,paid_social,US,mid,full_price,17,9,churned,148.5,30.37
C3036,2025-03,search,US,mid,discount,17,1,churned,17.0,23.86
C3037,2025-04,paid_social,US,mid,full_price,15,7,active,111.0,21.91
C3038,2025-05,referral,IN,low,discount,13,4,churned,52.0,7.93
C3039,2025-06,search,IN,low,discount,13,2,churned,22.75,19.92
C3040,2025-01,search,IN,mid,discount,15,4,churned,66.0,27.51
C3041,2025-02,search,IN,high,discount,15,5,churned,81.0,20.99
C3042,2025-03,paid_social,CA,mid,full_price,15,8,active,120.0,19.15
C3043,2025-04,referral,US,high,discount,13,7,active,105.0,15.47
C3044,2025-05,paid_social,UK,mid,full_price,15,6,active,90.0,32.79
C3045,2025-06,search,UK,high,full_price,17,4,churned,63.75,21.04
C3046,2025-01,paid_social,UK,mid,full_price,17,10,active,184.0,32.39
C3047,2025-02,referral,UK,mid,discount,17,5,churned,80.75,14.19
C3048,2025-03,search,UK,high,full_price,15,8,active,105.0,20.44
C3049,2025-04,paid_social,IN,low,full_price,13,1,churned,6.5,27.63
C3050,2025-05,paid_social,UK,high,full_price,17,4,churned,59.5,29.09
C3051,2025-06,search,US,high,full_price,17,5,active,99.0,21.0
C3052,2025-01,referral,UK,low,discount,13,6,churned,78.0,7.43
C3053,2025-02,search,UK,mid,full_price,15,5,churned,73.5,25.75
C3054,2025-03,search,UK,low,discount,15,8,active,124.0,16.88
C3055,2025-04,search,CA,high,full_price,17,7,active,106.0,16.02
C3056,2025-05,referral,UK,mid,discount,13,6,active,86.0,10.17
C3057,2025-06,paid_social,CA,high,full_price,15,5,active,70.0,26.17
C3058,2025-01,referral,IN,low,discount,13,1,churned,19.0,11.86
C3059,2025-02,search,IN,low,discount,13,9,churned,95.75,21.37
C3060,2025-03,search,US,mid,full_price,13,8,active,120.0,12.78
C3061,2025-04,referral,US,high,full_price,13,7,active,90.0,16.48
C3062,2025-05,referral,US,low,discount,15,1,churned,0.0,14.71
C3063,2025-06,paid_social,IN,low,full_price,13,5,active,71.0,30.86
C3064,2025-01,referral,US,mid,discount,15,4,churned,68.0,7.75
C3065,2025-02,search,US,high,discount,15,5,churned,83.0,24.09
C3066,2025-03,referral,IN,low,discount,13,6,churned,80.75,10.06
C3067,2025-04,referral,UK,low,discount,13,5,churned,66.5,13.02
C3068,2025-05,search,UK,low,discount,13,1,churned,9.75,23.56
C3069,2025-06,search,UK,mid,discount,13,1,churned,13.0,14.26
C3070,2025-01,referral,IN,mid,full_price,13,3,churned,39.0,8.43
C3071,2025-02,referral,CA,mid,discount,15,4,churned,70.0,13.82
C3072,2025-03,search,UK,mid,full_price,17,8,active,127.0,26.0
C3073,2025-04,referral,IN,low,discount,13,3,churned,51.0,9.76
C3074,2025-05,referral,US,low,discount,13,5,churned,65.0,11.46
C3075,2025-06,search,IN,mid,discount,13,5,active,56.0,22.89
C3076,2025-01,paid_social,UK,high,full_price,17,10,active,153.0,26.75
C3077,2025-02,referral,UK,low,discount,13,5,churned,61.75,8.61
C3078,2025-03,paid_social,US,mid,discount,17,2,churned,34.0,25.94
C3079,2025-04,referral,US,high,full_price,17,7,active,127.0,9.31
C3080,2025-05,search,IN,mid,discount,15,2,churned,30.0,18.65
C3081,2025-06,paid_social,CA,low,discount,13,1,churned,17.75,25.8
C3082,2025-01,paid_social,US,mid,discount,15,4,churned,30.0,26.07
C3083,2025-02,paid_social,US,low,discount,13,8,churned,112.75,32.56
C3084,2025-03,referral,IN,low,discount,13,1,churned,0.0,8.15
C3085,2025-04,search,CA,low,full_price,15,1,churned,-7.5,34.06
C3086,2025-05,search,IN,low,discount,13,5,churned,61.75,15.71
C3087,2025-06,search,UK,low,discount,15,5,active,75.0,14.54
C3088,2025-01,search,US,high,full_price,17,10,active,136.0,16.87
C3089,2025-02,paid_social,IN,low,discount,13,9,active,125.0,26.55
C3090,2025-03,referral,IN,mid,full_price,15,8,active,105.0,8.59
C3091,2025-04,referral,US,mid,discount,15,7,active,104.0,8.95
C3092,2025-05,referral,US,low,discount,13,3,churned,19.5,14.5
C3093,2025-06,paid_social,CA,mid,full_price,15,5,active,60.0,25.53
C3094,2025-01,referral,IN,mid,discount,15,5,churned,60.0,10.91
C3095,2025-02,paid_social,US,mid,discount,15,9,active,143.0,31.7
C3096,2025-03,referral,UK,mid,full_price,17,6,churned,103.75,7.06
C3097,2025-04,search,UK,high,full_price,17,7,active,125.0,24.28
C3098,2025-05,search,US,high,full_price,15,6,active,106.0,21.3
C3099,2025-06,referral,IN,high,discount,17,1,churned,8.5,10.78
C3100,2025-01,search,CA,high,full_price,13,10,active,123.0,20.28
C3101,2025-02,referral,IN,mid,discount,15,5,churned,75.0,13.66
C3102,2025-03,referral,US,high,full_price,17,8,churned,118.75,11.69
C3103,2025-04,search,UK,low,full_price,13,3,churned,39.0,21.37
C3104,2025-05,search,US,mid,full_price,15,6,active,90.0,21.08
C3105,2025-06,referral,IN,mid,discount,15,4,churned,52.5,14.9
C3106,2025-01,paid_social,UK,mid,discount,15,8,churned,140.0,20.25
C3107,2025-02,referral,US,mid,discount,13,9,active,129.0,9.04
C3108,2025-03,paid_social,UK,high,full_price,17,6,churned,113.75,29.3
C3109,2025-04,referral,IN,low,discount,13,7,active,99.0,9.51
C3110,2025-05,search,IN,mid,full_price,15,6,active,96.0,16.17
C3111,2025-06,referral,UK,low,full_price,13,2,churned,22.75,12.99
C3112,2025-01,search,US,mid,full_price,17,10,active,153.0,12.65
C3113,2025-02,paid_social,CA,low,full_price,13,9,active,117.0,23.72
C3114,2025-03,paid_social,IN,low,full_price,13,8,active,124.0,33.47
C3115,2025-04,referral,IN,low,discount,13,2,churned,26.0,14.6
C3116,2025-05,paid_social,UK,mid,full_price,15,5,churned,60.0,40.43
C3117,2025-06,referral,US,mid,discount,17,5,active,85.0,9.52
C3118,2025-01,referral,UK,low,full_price,13,10,active,136.0,9.92
C3119,2025-02,search,CA,mid,full_price,15,9,active,143.0,20.74
C3120,2025-03,paid_social,UK,mid,full_price,15,8,active,105.0,28.84
C3121,2025-04,search,UK,high,full_price,17,7,active,102.0,20.6
C3122,2025-05,search,US,low,discount,15,5,churned,75.0,19.41
C3123,2025-06,paid_social,UK,high,discount,15,5,active,83.0,27.02
C3124,2025-01,paid_social,UK,mid,discount,13,5,churned,69.75,40.83
C3125,2025-02,referral,US,low,discount,15,9,churned,130.0,4.85
C3126,2025-03,paid_social,US,high,full_price,13,8,active,112.0,32.23
C3127,2025-04,paid_social,CA,high,full_price,15,7,active,90.0,30.84
C3128,2025-05,search,UK,mid,full_price,15,6,active,66.0,19.28
C3129,2025-06,search,CA,mid,full_price,17,5,churned,85.0,28.53
C3130,2025-01,search,IN,mid,discount,15,3,churned,41.25,16.33
C3131,2025-02,paid_social,US,high,full_price,17,9,active,157.0,25.82
C3132,2025-03,referral,UK,low,discount,13,7,churned,103.0,14.37
C3133,2025-04,referral,US,low,full_price,13,2,churned,19.5,12.29
C3134,2025-05,paid_social,CA,high,full_price,15,6,active,96.0,39.33
C3135,2025-06,search,US,high,full_price,15,5,active,81.0,19.46
C3136,2025-01,referral,US,high,full_price,13,10,active,134.0,11.38
C3137,2025-02,referral,IN,low,discount,13,1,churned,13.0,10.39
C3138,2025-03,search,UK,low,full_price,17,8,active,140.0,17.15
C3139,2025-04,search,UK,mid,full_price,15,3,churned,41.25,25.19
C3140,2025-05,paid_social,UK,mid,full_price,13,6,active,69.0,32.24
C3141,2025-06,search,CA,mid,full_price,15,5,active,81.0,30.17
C3142,2025-01,referral,CA,mid,full_price,17,10,active,171.0,11.79
C3143,2025-02,referral,IN,mid,full_price,15,9,active,149.0,8.1
C3144,2025-03,referral,US,mid,discount,15,2,churned,30.0,7.47
C3145,2025-04,referral,US,low,full_price,13,2,churned,26.0,11.78
C3146,2025-05,referral,US,mid,discount,13,3,churned,39.0,9.7
C3147,2025-06,referral,CA,high,full_price,17,4,churned,68.0,6.5
C3148,2025-01,search,US,mid,discount,13,1,churned,13.0,23.1
C3149,2025-02,referral,UK,mid,full_price,17,9,active,136.0,11.36
C3150,2025-03,search,US,mid,full_price,15,8,active,126.0,19.66
C3151,2025-04,search,UK,low,discount,15,4,churned,60.0,18.21
C3152,2025-05,paid_social,UK,mid,full_price,15,6,active,94.0,27.08
C3153,2025-06,search,US,mid,full_price,15,5,active,79.0,11.16
C3154,2025-01,referral,US,mid,full_price,13,10,churned,129.0,11.48
C3155,2025-02,paid_social,UK,mid,full_price,15,9,active,149.0,20.11
C3156,2025-03,paid_social,IN,mid,discount,15,2,churned,26.25,30.31
C3157,2025-04,search,UK,high,full_price,15,7,churned,107.25,30.11
C3158,2025-05,paid_social,CA,mid,discount,13,1,churned,6.5,31.56
C3159,2025-06,search,CA,low,full_price,13,5,active,81.0,20.4
C3160,2025-01,paid_social,US,low,full_price,15,10,active,159.0,38.9
C3161,2025-02,search,US,high,full_price,15,9,active,141.0,15.8
C3162,2025-03,paid_social,US,mid,full_price,17,1,churned,17.0,29.36
C3163,2025-04,referral,IN,high,full_price,15,7,active,119.0,9.98
C3164,2025-05,referral,IN,low,discount,15,2,churned,30.0,12.39
C3165,2025-06,paid_social,US,mid,full_price,15,5,active,60.0,24.52
C3166,2025-01,paid_social,UK,high,discount,13,5,churned,74.5,30.73
C3167,2025-02,referral,US,mid,discount,13,9,churned,118.5,7.53
C3168,2025-03,paid_social,US,mid,full_price,15,8,active,109.0,34.63
C3169,2025-04,search,US,low,full_price,17,2,churned,29.75,20.16
C3170,2025-05,search,IN,low,discount,13,3,churned,36.0,20.26
C3171,2025-06,search,US,high,full_price,15,5,active,75.0,21.88
C3172,2025-01,paid_social,US,high,full_price,17,3,churned,46.5,39.63
C3173,2025-02,referral,UK,low,discount,13,1,churned,13.0,10.9
C3174,2025-03,paid_social,IN,low,discount,13,1,churned,9.75,25.47
C3175,2025-04,referral,US,low,discount,13,2,churned,19.5,14.76
C3176,2025-05,search,US,mid,full_price,15,6,active,98.0,19.89
C3177,2025-06,search,UK,high,full_price,15,5,active,60.0,19.9
C3178,2025-01,paid_social,US,mid,full_price,15,10,active,149.0,36.99
C3179,2025-02,paid_social,UK,low,discount,15,2,churned,26.25,36.48
C3180,2025-03,paid_social,UK,mid,full_price,15,8,active,128.0,36.08
C3181,2025-04,paid_social,UK,mid,full_price,17,7,active,127.0,19.14
C3182,2025-05,paid_social,CA,low,full_price,17,6,active,116.0,18.94
C3183,2025-06,search,US,high,full_price,15,5,active,83.0,22.22
C3184,2025-01,search,US,low,discount,13,5,churned,61.75,17.43
C3185,2025-02,paid_social,IN,mid,full_price,17,9,active,119.0,38.86
C3186,2025-03,search,US,mid,full_price,15,8,active,105.0,21.16
C3187,2025-04,referral,IN,mid,full_price,17,7,active,123.0,10.3
C3188,2025-05,search,UK,mid,discount,15,3,churned,37.5,20.99
C3189,2025-06,referral,IN,mid,discount,17,3,churned,57.0,12.94
C3190,2025-01,search,US,low,discount,13,2,churned,30.0,14.18
C3191,2025-02,referral,CA,mid,discount,15,9,active,126.0,8.64
C3192,2025-03,referral,US,low,discount,13,7,churned,72.5,8.76
C3193,2025-04,search,US,high,full_price,17,7,active,129.0,21.28
C3194,2025-05,referral,CA,mid,full_price,13,6,active,78.0,5.75
C3195,2025-06,paid_social,US,low,full_price,15,5,active,87.0,30.2
C3196,2025-01,search,CA,low,discount,13,7,churned,95.0,22.12
C3197,2025-02,search,IN,mid,discount,13,1,churned,13.0,16.69
C3198,2025-03,paid_social,US,high,full_price,15,1,churned,15.0,30.39
C3199,2025-04,paid_social,US,high,full_price,17,7,active,131.0,25.51
C3200,2025-05,search,UK,mid,full_price,13,2,churned,26.0,28.55
C3201,2025-06,referral,IN,low,discount,13,1,churned,21.0,11.26
C3202,2025-01,search,IN,low,discount,13,5,churned,58.5,24.98
C3203,2025-02,paid_social,US,low,discount,13,9,active,108.0,32.18
C3204,2025-03,search,CA,mid,full_price,13,8,active,110.0,23.7
C3205,2025-04,search,US,low,discount,13,7,active,94.0,22.18
C3206,2025-05,paid_social,UK,mid,full_price,17,6,active,114.0,22.79
C3207,2025-06,referral,IN,mid,discount,15,5,active,81.0,11.87
C3208,2025-01,search,US,low,full_price,13,10,churned,117.0,27.21
C3209,2025-02,paid_social,IN,low,discount,13,3,churned,46.5,24.24
C3210,2025-03,referral,IN,low,discount,13,2,churned,26.75,11.87
C3211,2025-04,paid_social,UK,mid,discount,15,1,churned,7.5,24.28
C3212,2025-05,paid_social,IN,mid,discount,17,1,churned,23.0,31.32
C3213,2025-06,referral,CA,low,full_price,13,5,active,65.0,13.38
C3214,2025-01,search,US,high,full_price,17,10,active,176.0,12.38
C3215,2025-02,paid_social,IN,mid,full_price,15,5,churned,79.5,31.68
C3216,2025-03,search,UK,mid,discount,13,1,churned,6.5,24.63
C3217,2025-04,referral,US,mid,full_price,15,7,active,105.0,8.59
C3218,2025-05,referral,IN,mid,discount,13,2,churned,26.0,9.77
C3219,2025-06,referral,US,low,full_price,13,5,active,71.0,10.99
C3220,2025-01,referral,US,low,discount,13,1,churned,13.0,8.78
C3221,2025-02,paid_social,UK,low,full_price,13,9,active,125.0,28.23
C3222,2025-03,search,CA,mid,full_price,13,8,active,99.0,23.76
C3223,2025-04,referral,US,mid,discount,15,5,churned,75.0,11.61
C3224,2025-05,referral,UK,low,discount,13,6,active,73.0,10.14
C3225,2025-06,referral,US,low,full_price,13,5,active,75.0,10.5
C3226,2025-01,search,US,high,full_price,15,10,active,147.0,19.32
C3227,2025-02,search,CA,high,full_price,13,9,active,104.0,26.45
C3228,2025-03,search,US,low,full_price,13,8,active,104.0,20.82
C3229,2025-04,referral,IN,low,discount,13,6,churned,83.5,12.62
C3230,2025-05,paid_social,CA,high,full_price,15,6,active,96.0,20.06
C3231,2025-06,referral,IN,low,discount,15,5,churned,87.0,14.17
C3232,2025-01,referral,CA,mid,full_price,15,10,active,150.0,7.62
C3233,2025-02,paid_social,CA,low,discount,13,3,churned,26.0,36.03
C3234,2025-03,paid_social,US,high,full_price,17,8,active,150.0,36.22
C3235,2025-04,paid_social,UK,mid,full_price,15,7,active,105.0,40.71
C3236,2025-05,search,US,mid,full_price,13,6,active,82.0,24.36
C3237,2025-06,referral,UK,high,full_price,15,5,active,75.0,10.71
C3238,2025-01,referral,IN,mid,discount,17,7,churned,120.75,10.75
C3239,2025-02,paid_social,IN,mid,discount,15,3,churned,37.5,14.68
C3240,2025-03,paid_social,US,low,discount,13,7,churned,68.5,25.34
C3241,2025-04,paid_social,IN,mid,discount,15,7,active,109.0,26.42
C3242,2025-05,referral,UK,low,discount,13,5,churned,48.75,12.21
C3243,2025-06,paid_social,US,high,discount,17,5,active,93.0,27.31
C3244,2025-01,search,IN,mid,full_price,15,10,active,164.0,15.87
C3245,2025-02,search,US,high,full_price,17,8,churned,142.0,30.98
C3246,2025-03,search,IN,mid,discount,13,2,churned,26.0,25.39
C3247,2025-04,referral,IN,high,discount,17,1,churned,12.75,6.56
C3248,2025-05,search,UK,mid,full_price,15,6,active,104.0,23.03
C3249,2025-06,paid_social,IN,mid,full_price,15,5,active,83.0,22.95
C3250,2025-01,paid_social,UK,low,discount,13,3,churned,38.5,38.96
C3251,2025-02,paid_social,US,low,discount,13,8,churned,97.0,36.41
C3252,2025-03,referral,CA,mid,full_price,15,8,active,130.0,13.71
C3253,2025-04,referral,IN,low,discount,15,1,churned,7.5,10.67
C3254,2025-05,referral,IN,mid,discount,15,6,active,90.0,8.62
C3255,2025-06,paid_social,CA,mid,full_price,13,5,active,85.0,31.82
C3256,2025-01,search,UK,high,full_price,15,10,active,141.0,19.36
C3257,2025-02,search,IN,mid,discount,13,1,churned,13.0,33.75
C3258,2025-03,referral,UK,mid,discount,17,1,churned,12.75,13.75
C3259,2025-04,referral,US,low,discount,15,7,active,105.0,12.41
C3260,2025-05,paid_social,IN,high,discount,17,6,active,108.0,29.9
C3261,2025-06,search,US,high,full_price,15,5,active,87.0,24.6
C3262,2025-01,paid_social,UK,high,discount,15,2,churned,34.0,30.45
C3263,2025-02,paid_social,UK,low,discount,13,2,churned,34.0,33.19
C3264,2025-03,search,US,mid,full_price,15,6,churned,96.0,24.47
C3265,2025-04,paid_social,IN,mid,discount,15,3,churned,51.0,29.18
C3266,2025-05,referral,IN,mid,discount,15,5,churned,81.0,9.93
C3267,2025-06,paid_social,US,low,full_price,13,1,churned,6.5,18.92
C3268,2025-01,paid_social,US,low,full_price,13,10,active,129.0,24.14
C3269,2025-02,paid_social,IN,mid,discount,17,5,churned,76.5,26.0
C3270,2025-03,search,UK,mid,full_price,15,8,active,117.0,26.77
C3271,2025-04,referral,UK,mid,full_price,15,7,active,117.0,9.11
C3272,2025-05,search,US,low,full_price,13,1,churned,6.5,19.2
C3273,2025-06,referral,IN,low,discount,15,5,active,60.0,11.65
C3274,2025-01,search,CA,low,full_price,17,1,churned,17.0,22.1
C3275,2025-02,search,IN,high,full_price,17,9,active,157.0,27.31
C3276,2025-03,paid_social,US,mid,discount,13,3,churned,32.5,10.24
C3277,2025-04,search,CA,high,full_price,17,7,active,102.0,19.96
C3278,2025-05,search,US,low,discount,13,2,churned,26.0,29.66
C3279,2025-06,search,UK,low,discount,13,5,active,56.0,13.14
C3280,2025-01,referral,CA,mid,full_price,13,10,active,123.0,7.58
C3281,2025-02,search,CA,mid,full_price,15,8,churned,109.0,28.62
C3282,2025-03,search,IN,mid,discount,15,3,churned,49.25,19.74
C3283,2025-04,search,IN,mid,full_price,15,7,active,90.0,16.77
C3284,2025-05,search,IN,low,discount,15,4,churned,64.5,28.18
C3285,2025-06,referral,UK,low,full_price,15,5,active,79.0,16.06
C3286,2025-01,search,CA,low,discount,13,10,active,136.0,15.49
C3287,2025-02,referral,IN,low,discount,13,7,churned,87.75,15.81
C3288,2025-03,paid_social,US,low,full_price,15,8,active,138.0,38.03
C3289,2025-04,search,US,high,discount,17,1,churned,8.5,29.92
C3290,2025-05,paid_social,IN,low,discount,13,2,churned,26.0,25.76
C3291,2025-06,referral,US,mid,discount,15,5,active,81.0,11.39
C3292,2025-01,search,CA,high,full_price,17,10,active,176.0,21.43
C3293,2025-02,paid_social,US,mid,full_price,15,9,active,141.0,38.39
C3294,2025-03,search,US,low,full_price,13,2,churned,26.0,23.28
C3295,2025-04,search,US,mid,full_price,15,5,churned,30.0,18.94
C3296,2025-05,referral,US,mid,full_price,17,2,churned,8.5,12.26
C3297,2025-06,paid_social,US,mid,discount,15,5,active,75.0,32.55
C3298,2025-01,search,UK,low,full_price,15,10,active,147.0,15.88
C3299,2025-02,referral,CA,high,full_price,15,9,active,143.0,12.82
C3300,2025-03,referral,UK,low,discount,13,8,churned,97.0,12.59
C3301,2025-04,search,CA,high,full_price,17,7,active,106.0,31.94
C3302,2025-05,referral,CA,low,discount,13,2,churned,26.0,11.1
C3303,2025-06,search,CA,low,full_price,15,2,churned,38.0,15.32
C3304,2025-01,paid_social,IN,low,discount,13,2,churned,26.0,24.96
C3305,2025-02,paid_social,CA,mid,discount,17,4,churned,59.0,34.62
C3306,2025-03,search,US,low,full_price,13,8,active,107.0,15.05
C3307,2025-04,referral,IN,low,discount,13,2,churned,26.75,16.34
C3308,2025-05,search,IN,mid,discount,15,6,active,98.0,28.57
C3309,2025-06,paid_social,US,high,full_price,17,5,active,89.0,23.24
C3310,2025-01,paid_social,UK,low,full_price,17,6,churned,85.0,26.69
C3311,2025-02,paid_social,IN,mid,full_price,13,9,active,117.0,25.95
C3312,2025-03,paid_social,US,mid,full_price,15,6,churned,86.25,39.53
C3313,2025-04,paid_social,CA,high,full_price,13,7,active,97.0,12.9
C3314,2025-05,referral,US,high,full_price,17,5,churned,68.0,11.96
C3315,2025-06,referral,IN,mid,full_price,15,1,churned,7.5,7.89
C3316,2025-01,paid_social,US,high,full_price,15,10,active,162.0,32.3
C3317,2025-02,search,UK,mid,full_price,13,9,active,104.0,17.1
C3318,2025-03,paid_social,CA,high,full_price,15,8,active,126.0,35.57
C3319,2025-04,referral,US,low,discount,15,3,churned,45.0,11.44
C3320,2025-05,paid_social,UK,low,discount,13,1,churned,13.0,41.75
C3321,2025-06,paid_social,US,low,full_price,17,5,active,85.0,36.34
C3322,2025-01,referral,CA,low,discount,13,2,churned,26.0,12.11
C3323,2025-02,paid_social,US,low,full_price,13,9,active,133.0,34.18
C3324,2025-03,search,US,mid,full_price,15,8,active,124.0,18.31
C3325,2025-04,paid_social,CA,low,full_price,13,7,active,91.0,31.83
C3326,2025-05,referral,IN,low,discount,13,1,churned,13.0,8.15
C3327,2025-06,paid_social,CA,low,full_price,13,5,active,65.0,17.23
C3328,2025-01,paid_social,UK,mid,discount,15,10,active,160.0,37.04
C3329,2025-02,search,US,mid,discount,17,3,churned,63.0,31.7
C3330,2025-03,search,US,mid,full_price,17,8,active,142.0,23.38
C3331,2025-04,paid_social,IN,mid,discount,15,3,churned,41.5,23.16
C3332,2025-05,search,US,low,full_price,13,6,active,65.0,21.62
C3333,2025-06,paid_social,US,mid,discount,15,5,active,75.0,15.94
C3334,2025-01,search,US,high,full_price,15,5,churned,75.0,27.63
C3335,2025-02,search,US,high,full_price,17,4,churned,68.0,22.38
C3336,2025-03,referral,IN,low,discount,17,2,churned,29.75,8.31
C3337,2025-04,paid_social,US,mid,full_price,15,5,churned,67.5,31.71
C3338,2025-05,search,IN,mid,discount,13,6,active,102.0,27.93
C3339,2025-06,search,US,mid,full_price,15,5,active,79.0,12.2
C3340,2025-01,search,IN,low,discount,13,4,churned,47.0,29.01
C3341,2025-02,search,US,high,full_price,17,9,active,144.0,16.05
C3342,2025-03,referral,IN,low,discount,13,4,churned,52.75,14.28
C3343,2025-04,referral,IN,mid,discount,13,2,churned,26.0,7.69
C3344,2025-05,referral,IN,mid,discount,17,6,active,112.0,9.34
C3345,2025-06,referral,IN,low,discount,13,5,active,66.0,18.81
C3346,2025-01,paid_social,UK,high,full_price,17,10,active,170.0,34.74
C3347,2025-02,search,CA,mid,full_price,13,5,churned,77.0,16.4
C3348,2025-03,paid_social,CA,low,full_price,15,8,active,105.0,32.05
C3349,2025-04,search,US,high,full_price,13,7,active,94.0,23.13
C3350,2025-05,paid_social,IN,high,full_price,17,4,churned,46.75,14.81
C3351,2025-06,paid_social,IN,mid,discount,15,5,active,75.0,19.6
C3352,2025-01,paid_social,US,mid,full_price,15,6,churned,98.0,36.39
C3353,2025-02,paid_social,US,high,discount,15,1,churned,11.25,27.99
C3354,2025-03,referral,US,low,discount,15,1,churned,15.0,9.37
C3355,2025-04,paid_social,UK,mid,full_price,15,7,active,131.0,37.19
C3356,2025-05,referral,CA,high,full_price,17,6,active,116.0,8.19
C3357,2025-06,paid_social,IN,mid,full_price,17,5,active,91.0,32.15
C3358,2025-01,search,US,mid,full_price,15,10,active,162.0,23.04
C3359,2025-02,paid_social,IN,mid,discount,13,6,churned,84.0,26.74
C3360,2025-03,search,US,mid,full_price,15,8,active,128.0,25.95
C3361,2025-04,paid_social,UK,low,discount,13,3,churned,40.5,15.78
C3362,2025-05,referral,CA,low,discount,13,4,churned,56.0,13.21
C3363,2025-06,search,UK,high,full_price,15,5,active,81.0,24.07
C3364,2025-01,paid_social,UK,mid,discount,15,3,churned,49.0,22.25
C3365,2025-02,paid_social,CA,low,full_price,13,1,churned,-3.25,30.25
C3366,2025-03,paid_social,CA,low,discount,13,5,churned,65.0,29.91
C3367,2025-04,referral,IN,low,discount,17,7,active,119.0,14.28
C3368,2025-05,paid_social,US,low,full_price,13,3,churned,39.0,26.23
C3369,2025-06,paid_social,CA,mid,full_price,17,5,active,85.0,25.75
C3370,2025-01,paid_social,UK,low,discount,13,6,churned,77.0,31.77
C3371,2025-02,search,US,low,full_price,13,9,active,127.0,24.88
C3372,2025-03,referral,UK,high,full_price,15,8,active,111.0,11.86
C3373,2025-04,paid_social,CA,mid,discount,17,1,churned,8.5,27.66
C3374,2025-05,paid_social,UK,mid,full_price,15,6,active,96.0,25.4
C3375,2025-06,paid_social,UK,mid,full_price,15,3,churned,45.0,20.42
C3376,2025-01,search,IN,mid,full_price,17,10,active,159.0,21.21
C3377,2025-02,paid_social,US,mid,full_price,17,9,active,144.0,26.76
C3378,2025-03,search,IN,mid,discount,15,3,churned,37.5,26.83
C3379,2025-04,paid_social,CA,mid,full_price,13,7,active,77.0,24.0
C3380,2025-05,referral,US,high,full_price,15,6,active,75.0,12.32
C3381,2025-06,search,US,low,discount,13,2,churned,19.5,18.6
C3382,2025-01,referral,US,mid,full_price,13,10,active,158.0,12.0
C3383,2025-02,referral,CA,high,full_price,17,9,active,153.0,6.1
C3384,2025-03,paid_social,UK,low,full_price,13,8,active,91.0,27.03
C3385,2025-04,search,US,low,full_price,13,7,active,91.0,23.27
C3386,2025-05,referral,IN,low,discount,13,6,active,82.0,7.89
C3387,2025-06,referral,IN,high,full_price,17,5,active,85.0,14.55
C3388,2025-01,referral,US,mid,discount,15,5,churned,56.25,12.56
C3389,2025-02,search,US,mid,discount,13,8,churned,108.75,21.95
C3390,2025-03,referral,UK,mid,full_price,13,8,active,114.0,16.42
C3391,2025-04,search,UK,mid,full_price,17,7,active,119.0,19.15
C3392,2025-05,referral,US,low,discount,15,1,churned,15.0,11.62
C3393,2025-06,search,IN,low,discount,13,2,churned,26.0,21.43
C3394,2025-01,search,IN,low,full_price,13,4,churned,45.5,17.38
C3395,2025-02,paid_social,CA,mid,full_price,17,9,active,161.0,27.68
C3396,2025-03,referral,UK,low,discount,13,5,churned,61.75,12.43
C3397,2025-04,referral,UK,mid,discount,15,7,churned,105.0,9.33
C3398,2025-05,referral,US,mid,full_price,15,2,churned,30.0,17.0
C3399,2025-06,paid_social,US,low,discount,13,2,churned,26.0,19.83
C3400,2025-01,search,UK,mid,full_price,17,3,churned,29.75,22.06
C3401,2025-02,paid_social,IN,high,discount,15,5,churned,75.25,19.03
C3402,2025-03,search,US,high,full_price,13,1,churned,13.0,21.32
C3403,2025-04,paid_social,CA,high,full_price,17,7,active,127.0,25.41
C3404,2025-05,referral,US,low,discount,13,5,churned,73.0,6.41
C3405,2025-06,referral,UK,high,full_price,17,5,active,91.0,6.11
C3406,2025-01,search,UK,low,full_price,13,7,churned,107.0,16.32
C3407,2025-02,paid_social,UK,high,discount,15,2,churned,15.0,33.02
C3408,2025-03,search,US,mid,discount,15,2,churned,26.25,25.14
C3409,2025-04,paid_social,IN,low,discount,13,4,churned,52.0,29.11
C3410,2025-05,referral,IN,low,discount,15,4,churned,60.0,13.91
C3411,2025-06,paid_social,IN,high,full_price,17,5,active,91.0,30.3
C3412,2025-01,referral,US,low,discount,13,2,churned,22.75,17.95
C3413,2025-02,referral,IN,low,discount,13,9,active,123.0,9.96
C3414,2025-03,search,IN,high,full_price,17,4,churned,65.5,25.28
C3415,2025-04,search,US,low,discount,13,3,churned,45.0,8.51
C3416,2025-05,referral,UK,mid,discount,13,6,churned,78.0,10.81
C3417,2025-06,referral,IN,mid,discount,15,2,churned,15.0,6.61
C3418,2025-01,referral,US,low,discount,13,3,churned,47.0,13.76
C3419,2025-02,referral,CA,low,full_price,15,5,churned,75.0,13.05
C3420,2025-03,search,CA,high,full_price,17,3,churned,51.0,28.79
C3421,2025-04,paid_social,IN,low,discount,15,6,churned,94.0,32.84
C3422,2025-05,referral,US,low,discount,13,6,churned,65.0,4.35
C3423,2025-06,paid_social,US,low,full_price,13,5,active,71.0,27.14
C3424,2025-01,paid_social,UK,high,full_price,15,10,active,164.0,23.82
C3425,2025-02,referral,IN,mid,discount,13,9,active,123.0,11.96
C3426,2025-03,paid_social,IN,mid,discount,13,8,active,99.0,24.44
C3427,2025-04,paid_social,US,mid,full_price,17,7,active,119.0,35.12
C3428,2025-05,search,IN,mid,discount,15,6,active,75.0,25.39
C3429,2025-06,search,UK,low,discount,13,3,churned,26.0,17.62
C3430,2025-01,search,UK,low,full_price,13,10,active,134.0,19.58
C3431,2025-02,referral,US,low,discount,15,8,churned,128.0,6.2
C3432,2025-03,search,IN,low,discount,15,7,churned,105.0,17.63
C3433,2025-04,paid_social,IN,mid,discount,15,5,churned,60.0,41.42
C3434,2025-05,paid_social,CA,low,full_price,13,6,active,94.0,21.0
C3435,2025-06,search,IN,low,full_price,13,5,active,52.0,19.18
C3436,2025-01,referral,US,mid,full_price,17,6,churned,92.75,8.33
C3437,2025-02,search,IN,mid,discount,17,5,churned,89.0,14.3
C3438,2025-03,search,CA,low,full_price,13,8,active,108.0,17.29
C3439,2025-04,paid_social,US,high,full_price,15,7,active,123.0,27.37
C3440,2025-05,referral,IN,mid,discount,13,6,active,92.0,6.06
C3441,2025-06,paid_social,IN,low,discount,13,5,active,69.0,22.95
C3442,2025-01,referral,UK,high,full_price,15,10,active,154.0,13.64
C3443,2025-02,search,US,mid,full_price,13,9,active,123.0,13.11
C3444,2025-03,search,CA,mid,full_price,15,8,active,120.0,19.4
C3445,2025-04,search,US,low,discount,13,1,churned,13.0,20.86
C3446,2025-05,search,US,mid,full_price,13,2,churned,26.0,23.65
C3447,2025-06,paid_social,US,low,discount,13,3,churned,39.0,26.06
C3448,2025-01,search,CA,low,full_price,13,10,active,131.0,21.23
C3449,2025-02,paid_social,IN,low,discount,13,5,churned,62.5,29.81
C3450,2025-03,referral,US,high,full_price,17,8,active,136.0,19.19
C3451,2025-04,referral,US,mid,discount,15,3,churned,49.0,12.05
C3452,2025-05,search,UK,high,full_price,17,6,active,102.0,22.56
C3453,2025-06,referral,US,low,discount,17,5,active,101.0,11.39
C3454,2025-01,paid_social,CA,mid,discount,15,6,churned,104.0,30.53
C3455,2025-02,paid_social,US,low,full_price,13,9,active,91.0,33.79
C3456,2025-03,paid_social,UK,high,full_price,13,5,churned,65.0,35.9
C3457,2025-04,search,UK,mid,full_price,15,7,active,117.0,21.36
C3458,2025-05,paid_social,UK,low,discount,13,2,churned,26.0,31.48
C3459,2025-06,search,CA,mid,full_price,17,5,active,85.0,32.8
C3460,2025-01,search,US,low,discount,13,1,churned,0.0,19.61
C3461,2025-02,search,CA,mid,full_price,13,9,active,121.0,18.68
C3462,2025-03,search,UK,mid,discount,15,1,churned,11.25,22.37
C3463,2025-04,referral,US,low,discount,15,7,active,109.0,11.4
C3464,2025-05,search,US,mid,full_price,15,2,churned,30.0,18.87
C3465,2025-06,paid_social,IN,low,discount,13,5,active,85.0,27.5
C3466,2025-01,referral,CA,mid,discount,17,1,churned,17.0,9.66
C3467,2025-02,referral,IN,mid,discount,13,4,churned,52.0,14.11
C3468,2025-03,referral,CA,mid,full_price,15,8,active,124.0,9.37
C3469,2025-04,referral,US,low,discount,13,2,churned,34.0,11.63
C3470,2025-05,paid_social,IN,mid,discount,15,6,churned,102.0,31.04
C3471,2025-06,referral,UK,high,full_price,15,5,active,75.0,11.86
C3472,2025-01,paid_social,US,high,full_price,17,10,active,170.0,24.92
C3473,2025-02,referral,IN,low,full_price,15,7,churned,117.0,11.38
C3474,2025-03,paid_social,UK,mid,discount,15,8,active,126.0,11.94
C3475,2025-04,referral,UK,high,discount,17,4,churned,68.0,7.39
C3476,2025-05,search,UK,low,discount,15,5,churned,68.5,20.12
C3477,2025-06,search,UK,high,full_price,17,5,active,85.0,33.81
C3478,2025-01,paid_social,UK,low,full_price,13,10,active,148.0,18.6
C3479,2025-02,referral,UK,high,discount,17,9,churned,157.0,7.68
C3480,2025-03,search,IN,low,discount,13,6,churned,52.0,32.04
C3481,2025-04,search,CA,mid,full_price,15,7,active,125.0,20.45
C3482,2025-05,referral,US,high,full_price,15,6,active,94.0,11.67
C3483,2025-06,paid_social,UK,low,full_price,13,5,active,73.0,32.53
C3484,2025-01,search,US,mid,full_price,15,4,churned,60.0,23.61
C3485,2025-02,search,IN,low,full_price,13,9,active,118.0,25.98
C3486,2025-03,referral,UK,mid,discount,15,8,active,130.0,13.08
C3487,2025-04,referral,CA,mid,discount,17,1,churned,21.0,15.79
C3488,2025-05,referral,UK,low,discount,13,6,active,73.0,8.66
C3489,2025-06,search,IN,low,discount,15,3,churned,45.0,26.7
C3490,2025-01,search,IN,mid,discount,15,6,churned,75.0,21.87
C3491,2025-02,search,US,low,full_price,13,9,active,99.0,24.88
C3492,2025-03,paid_social,CA,high,full_price,17,8,active,127.0,30.75
C3493,2025-04,referral,UK,high,discount,17,6,churned,107.75,17.27
C3494,2025-05,paid_social,CA,mid,full_price,17,6,active,102.0,36.79
C3495,2025-06,paid_social,CA,mid,full_price,17,5,active,89.0,27.31
C3496,2025-01,search,UK,mid,full_price,15,10,active,141.0,18.67
C3497,2025-02,search,UK,mid,discount,15,7,churned,86.5,20.39
C3498,2025-03,search,CA,high,full_price,17,8,active,136.0,25.12
C3499,2025-04,referral,IN,mid,discount,13,3,churned,32.0,12.48
C3500,2025-05,search,UK,mid,full_price,17,6,active,118.0,24.87
C3501,2025-06,search,UK,mid,full_price,15,5,active,60.0,26.73
C3502,2025-01,search,IN,low,discount,13,4,churned,48.75,31.42
C3503,2025-02,referral,IN,low,discount,13,8,churned,91.0,12.19
C3504,2025-03,paid_social,IN,mid,discount,17,8,active,146.0,18.68
C3505,2025-04,paid_social,US,mid,discount,15,7,active,113.0,17.96
C3506,2025-05,search,US,mid,full_price,15,6,active,106.0,19.17
C3507,2025-06,paid_social,UK,high,full_price,17,5,active,85.0,33.71
C3508,2025-01,referral,US,mid,full_price,13,10,active,130.0,16.66
C3509,2025-02,paid_social,UK,high,discount,17,9,churned,120.5,30.94
C3510,2025-03,paid_social,US,high,discount,17,2,churned,29.75,30.23
C3511,2025-04,search,UK,mid,discount,17,1,churned,17.0,28.08
C3512,2025-05,search,CA,low,full_price,15,4,churned,66.0,24.53
C3513,2025-06,referral,IN,low,discount,13,5,churned,65.0,10.86
C3514,2025-01,search,US,mid,full_price,13,10,active,125.0,25.08
C3515,2025-02,paid_social,UK,high,full_price,17,5,churned,86.5,25.83
C3516,2025-03,search,IN,mid,full_price,13,2,churned,36.0,16.84
C3517,2025-04,search,US,low,discount,17,3,churned,46.75,22.83
C3518,2025-05,referral,IN,high,discount,13,4,churned,52.0,9.25
C3519,2025-06,paid_social,US,low,full_price,17,5,active,85.0,31.66
C3520,2025-01,referral,UK,low,discount,13,2,churned,30.75,11.26
C3521,2025-02,search,US,high,full_price,13,9,active,121.0,28.43
C3522,2025-03,referral,UK,mid,discount,17,6,churned,93.5,10.02
C3523,2025-04,search,IN,mid,discount,13,7,active,103.0,21.47
C3524,2025-05,referral,US,mid,full_price,15,6,active,96.0,9.97
C3525,2025-06,paid_social,US,high,full_price,15,5,active,75.0,25.67
C3526,2025-01,paid_social,CA,high,full_price,17,10,active,150.0,20.79
C3527,2025-02,referral,IN,low,discount,15,1,churned,11.25,13.95
C3528,2025-03,search,CA,low,full_price,15,8,active,134.0,24.04
C3529,2025-04,search,CA,low,full_price,13,7,churned,106.5,19.01
C3530,2025-05,referral,IN,low,discount,13,1,churned,-6.5,9.01
C3531,2025-06,referral,UK,low,full_price,13,5,active,73.0,14.88
C3532,2025-01,referral,US,mid,full_price,15,10,active,140.0,8.73
C3533,2025-02,search,UK,high,discount,15,9,active,141.0,29.66
C3534,2025-03,paid_social,IN,mid,discount,13,4,churned,56.0,30.86
C3535,2025-04,paid_social,UK,low,full_price,15,7,active,113.0,33.73
C3536,2025-05,referral,US,mid,discount,15,6,active,75.0,13.62
C3537,2025-06,search,US,high,full_price,17,5,active,91.0,22.7
C3538,2025-01,referral,CA,low,discount,13,1,churned,6.5,11.87
C3539,2025-02,paid_social,IN,low,discount,13,3,churned,39.0,19.94
C3540,2025-03,referral,IN,low,discount,13,8,churned,105.5,5.6
C3541,2025-04,paid_social,US,mid,discount,15,4,churned,41.25,25.53
C3542,2025-05,referral,CA,mid,discount,15,4,churned,56.25,15.45
C3543,2025-06,paid_social,IN,mid,discount,13,4,churned,58.0,16.0
C3544,2025-01,paid_social,US,mid,full_price,13,10,active,125.0,40.25
C3545,2025-02,referral,UK,low,discount,13,1,churned,13.0,14.6
C3546,2025-03,referral,CA,low,discount,13,1,churned,17.0,10.69
C3547,2025-04,search,CA,mid,discount,15,3,churned,45.0,24.16
C3548,2025-05,paid_social,IN,mid,discount,15,3,churned,41.25,36.95
C3549,2025-06,search,US,high,full_price,15,5,active,91.0,19.38
C3550,2025-01,referral,US,mid,full_price,13,10,active,95.0,6.58
C3551,2025-02,paid_social,US,mid,discount,15,2,churned,30.0,33.05
C3552,2025-03,paid_social,IN,high,discount,15,5,churned,67.5,36.78
C3553,2025-04,search,US,high,full_price,17,7,active,102.0,20.23
C3554,2025-05,referral,IN,low,discount,13,6,active,86.0,11.33
C3555,2025-06,search,IN,mid,discount,15,4,churned,68.0,28.07
C3556,2025-01,referral,US,mid,discount,15,3,churned,59.0,6.17
C3557,2025-02,paid_social,IN,low,full_price,13,2,churned,26.0,26.57
C3558,2025-03,paid_social,IN,low,discount,13,1,churned,21.0,30.56
C3559,2025-04,search,UK,low,full_price,13,7,active,86.0,23.35
C3560,2025-05,search,UK,low,full_price,13,6,active,78.0,26.17
C3561,2025-06,referral,IN,low,discount,13,1,churned,13.0,10.18
C3562,2025-01,referral,US,mid,discount,15,10,churned,156.0,12.23
C3563,2025-02,paid_social,IN,high,discount,15,2,churned,36.0,21.66
C3564,2025-03,paid_social,US,low,discount,13,2,churned,28.75,16.01
C3565,2025-04,search,US,mid,full_price,15,7,active,119.0,17.98
C3566,2025-05,search,UK,mid,full_price,17,6,active,85.0,13.6
C3567,2025-06,search,IN,low,discount,13,5,active,69.0,17.98
C3568,2025-01,search,CA,high,full_price,17,10,active,169.0,24.73
C3569,2025-02,paid_social,IN,mid,discount,15,9,active,123.0,29.67
C3570,2025-03,referral,UK,mid,discount,17,2,churned,42.0,7.81
C3571,2025-04,search,US,low,full_price,15,7,active,109.0,30.18
C3572,2025-05,paid_social,US,mid,full_price,15,6,active,94.0,30.17
C3573,2025-06,search,IN,high,discount,17,5,active,85.0,15.09
C3574,2025-01,search,IN,low,discount,15,7,churned,81.0,27.33
C3575,2025-02,search,CA,mid,full_price,15,7,churned,117.0,21.35
C3576,2025-03,paid_social,US,low,discount,15,2,churned,30.0,14.05
C3577,2025-04,referral,US,low,discount,17,1,churned,17.0,16.94
C3578,2025-05,paid_social,UK,high,full_price,15,4,churned,66.0,35.71
C3579,2025-06,search,IN,low,discount,13,4,churned,56.0,24.45
C3580,2025-01,search,CA,low,full_price,13,1,churned,17.0,19.31
C3581,2025-02,search,IN,mid,full_price,17,5,churned,95.0,21.91
C3582,2025-03,paid_social,UK,low,full_price,13,8,churned,112.0,24.65
C3583,2025-04,referral,US,low,full_price,13,7,active,78.0,10.35
C3584,2025-05,search,IN,mid,full_price,15,6,active,90.0,22.81
C3585,2025-06,paid_social,IN,low,discount,15,4,churned,45.0,20.92
C3586,2025-01,paid_social,US,high,full_price,17,10,active,180.0,43.57
C3587,2025-02,referral,IN,low,discount,13,9,active,121.0,12.43
C3588,2025-03,referral,IN,mid,discount,13,1,churned,9.75,9.35
C3589,2025-04,referral,IN,low,discount,17,3,churned,42.5,6.48
C3590,2025-05,search,CA,high,full_price,17,6,active,91.0,14.68
C3591,2025-06,referral,US,high,discount,15,3,churned,45.0,10.65
C3592,2025-01,paid_social,IN,low,discount,13,2,churned,26.0,28.49
C3593,2025-02,paid_social,US,low,discount,13,1,churned,9.75,21.71
C3594,2025-03,referral,UK,low,discount,13,3,churned,39.0,6.96
C3595,2025-04,search,UK,mid,discount,15,7,active,90.0,25.22
C3596,2025-05,paid_social,UK,low,full_price,13,6,active,75.0,35.87
C3597,2025-06,search,IN,mid,discount,15,3,churned,51.0,28.76
C3598,2025-01,referral,CA,low,discount,13,2,churned,22.75,14.49
C3599,2025-02,search,US,mid,full_price,13,9,active,127.0,20.68
C3600,2025-03,paid_social,US,mid,discount,13,1,churned,13.0,18.89
C3601,2025-04,paid_social,US,mid,full_price,15,7,active,96.0,28.9
C3602,2025-05,paid_social,US,low,discount,13,1,churned,13.0,27.42
C3603,2025-06,search,US,high,full_price,17,5,active,68.0,22.66
C3604,2025-01,referral,CA,high,full_price,17,10,active,178.0,9.94
C3605,2025-02,search,US,low,discount,13,5,churned,81.0,14.91
C3606,2025-03,paid_social,IN,low,discount,15,8,active,120.0,28.84
C3607,2025-04,referral,UK,high,full_price,17,7,active,127.0,4.65
C3608,2025-05,search,US,low,discount,13,5,churned,65.0,28.39
C3609,2025-06,referral,IN,low,discount,13,5,active,65.0,9.17
C3610,2025-01,search,UK,low,discount,13,10,active,121.0,18.08
C3611,2025-02,referral,US,high,full_price,17,9,active,169.0,7.0
C3612,2025-03,referral,UK,mid,full_price,15,8,active,124.0,8.88
C3613,2025-04,paid_social,CA,high,full_price,13,7,active,78.0,25.95
C3614,2025-05,paid_social,UK,low,discount,17,3,churned,57.0,29.06
C3615,2025-06,search,US,low,discount,13,4,churned,52.0,17.73
C3616,2025-01,referral,CA,high,discount,17,10,active,171.0,12.28
C3617,2025-02,search,IN,low,discount,15,3,churned,45.0,23.48
C3618,2025-03,paid_social,IN,mid,discount,13,1,churned,6.5,27.0
C3619,2025-04,paid_social,CA,mid,full_price,15,7,active,75.0,24.68
C3620,2025-05,referral,CA,low,full_price,15,6,active,96.0,13.65
C3621,2025-06,search,UK,low,full_price,13,5,active,69.0,29.22
C3622,2025-01,paid_social,UK,mid,full_price,13,10,active,136.0,22.75
C3623,2025-02,paid_social,IN,low,discount,15,6,churned,94.0,24.66
C3624,2025-03,search,CA,high,full_price,17,8,active,131.0,23.36
C3625,2025-04,search,IN,low,discount,13,2,churned,26.0,26.07
C3626,2025-05,search,CA,mid,full_price,15,6,active,90.0,25.11
C3627,2025-06,referral,CA,high,full_price,17,5,active,85.0,10.64
C3628,2025-01,search,US,high,full_price,15,9,churned,122.5,20.5
C3629,2025-02,search,US,mid,full_price,15,9,active,143.0,19.88
C3630,2025-03,referral,CA,mid,discount,15,8,churned,124.0,13.74
C3631,2025-04,referral,UK,mid,full_price,15,7,active,90.0,11.42
C3632,2025-05,paid_social,US,mid,full_price,13,6,churned,96.0,33.15
C3633,2025-06,paid_social,UK,mid,discount,17,3,churned,46.75,28.97
C3634,2025-01,referral,UK,mid,discount,13,1,churned,6.5,13.53
C3635,2025-02,referral,CA,mid,full_price,15,9,active,147.0,10.76
C3636,2025-03,paid_social,UK,high,full_price,15,3,churned,45.0,31.77
C3637,2025-04,search,CA,high,full_price,17,5,churned,103.0,16.77
C3638,2025-05,paid_social,CA,mid,discount,15,1,churned,15.0,29.47
C3639,2025-06,referral,UK,low,discount,13,5,active,69.0,9.72
C3640,2025-01,referral,US,low,discount,15,3,churned,59.0,13.6
C3641,2025-02,referral,US,high,full_price,17,9,active,161.0,9.95
C3642,2025-03,referral,US,high,full_price,15,8,active,140.0,12.4
C3643,2025-04,referral,UK,mid,full_price,13,7,active,97.0,11.34
C3644,2025-05,paid_social,IN,low,discount,15,1,churned,15.0,25.46
C3645,2025-06,referral,IN,low,discount,13,5,active,65.0,6.38
C3646,2025-01,search,CA,mid,full_price,17,10,active,150.0,22.56
C3647,2025-02,search,CA,mid,full_price,15,9,active,141.0,18.77
C3648,2025-03,paid_social,UK,mid,discount,17,3,churned,51.0,28.09
C3649,2025-04,search,UK,mid,full_price,15,7,active,106.0,24.22
C3650,2025-05,search,CA,low,full_price,17,4,churned,76.0,20.1
C3651,2025-06,search,CA,low,full_price,15,5,active,79.0,21.87
C3652,2025-01,referral,US,mid,discount,13,1,churned,13.0,16.32
C3653,2025-02,referral,IN,mid,discount,13,3,churned,45.0,11.32
C3654,2025-03,paid_social,CA,low,full_price,13,8,active,91.0,25.55
C3655,2025-04,referral,IN,low,discount,13,7,active,111.0,13.84
C3656,2025-05,search,UK,mid,discount,15,5,churned,67.5,18.57
C3657,2025-06,referral,CA,low,full_price,13,5,active,89.0,7.57
C3658,2025-01,paid_social,IN,low,discount,15,1,churned,15.0,34.91
C3659,2025-02,search,US,mid,full_price,17,9,active,159.0,23.46
C3660,2025-03,paid_social,IN,mid,discount,17,3,churned,51.0,34.82
C3661,2025-04,search,UK,mid,full_price,15,7,active,109.0,25.31
C3662,2025-05,paid_social,CA,high,full_price,13,6,active,86.0,28.87
C3663,2025-06,referral,CA,low,discount,13,5,churned,73.0,8.73
C3664,2025-01,referral,UK,low,discount,15,10,active,145.0,4.04
C3665,2025-02,referral,UK,low,discount,15,5,churned,79.25,10.3
C3666,2025-03,referral,US,mid,full_price,15,5,churned,75.0,9.78
C3667,2025-04,referral,UK,low,discount,13,7,active,90.0,9.23
C3668,2025-05,paid_social,CA,mid,full_price,15,6,active,98.0,35.65
C3669,2025-06,paid_social,UK,mid,discount,13,5,active,56.0,41.7
C3670,2025-01,paid_social,IN,low,discount,13,2,churned,22.75,26.35
C3671,2025-02,search,US,high,discount,15,9,active,120.0,19.9
C3672,2025-03,paid_social,US,mid,full_price,15,1,churned,21.0,29.2
C3673,2025-04,paid_social,UK,mid,full_price,15,7,active,105.0,25.51
C3674,2025-05,paid_social,IN,mid,discount,13,1,churned,13.0,25.53
C3675,2025-06,search,UK,low,discount,17,5,active,85.0,14.5
C3676,2025-01,paid_social,CA,mid,full_price,13,10,active,138.0,26.8
C3677,2025-02,search,CA,high,full_price,15,9,active,135.0,18.21
C3678,2025-03,referral,US,mid,full_price,17,8,active,142.0,8.65
C3679,2025-04,paid_social,IN,mid,discount,15,2,churned,22.5,20.85
C3680,2025-05,paid_social,US,mid,discount,15,6,active,106.0,38.84
C3681,2025-06,referral,US,low,discount,15,5,active,60.0,10.06
C3682,2025-01,search,IN,low,discount,13,2,churned,26.0,20.67
C3683,2025-02,paid_social,IN,high,discount,17,3,churned,33.5,19.12
C3684,2025-03,search,US,mid,full_price,17,8,churned,129.0,21.47
C3685,2025-04,referral,IN,mid,discount,15,5,churned,87.0,10.6
C3686,2025-05,search,US,mid,full_price,17,6,active,116.0,22.89
C3687,2025-06,paid_social,UK,mid,full_price,13,5,active,66.0,30.39
C3688,2025-01,paid_social,UK,low,discount,13,1,churned,13.0,18.96
C3689,2025-02,referral,IN,low,discount,15,2,churned,15.0,13.96
C3690,2025-03,paid_social,CA,mid,full_price,15,8,active,120.0,24.89
C3691,2025-04,search,IN,high,discount,15,3,churned,53.0,16.85
C3692,2025-05,search,US,high,full_price,17,6,active,114.0,19.0
C3693,2025-06,referral,US,low,discount,13,1,churned,9.75,10.26
C3694,2025-01,paid_social,IN,low,discount,15,8,churned,113.0,29.66
C3695,2025-02,search,UK,low,discount,13,9,churned,109.5,24.87
C3696,2025-03,paid_social,IN,low,discount,15,1,churned,15.0,38.55
C3697,2025-04,referral,CA,mid,full_price,15,7,active,119.0,8.0
C3698,2025-05,referral,US,mid,discount,13,6,active,65.0,12.41
C3699,2025-06,search,US,low,full_price,13,5,active,83.0,23.01
C3700,2025-01,referral,UK,mid,discount,17,5,churned,95.0,7.26
C3701,2025-02,paid_social,IN,high,discount,13,7,churned,97.0,26.45
C3702,2025-03,referral,IN,mid,discount,13,2,churned,19.5,9.77
C3703,2025-04,paid_social,US,low,full_price,13,7,active,91.0,24.3
C3704,2025-05,paid_social,CA,mid,full_price,15,6,active,79.0,24.67
C3705,2025-06,search,IN,mid,discount,17,1,churned,12.75,25.64
C3706,2025-01,referral,CA,high,discount,15,10,churned,154.0,12.26
C3707,2025-02,paid_social,US,mid,full_price,15,9,active,167.0,22.98
C3708,2025-03,search,CA,high,full_price,17,8,active,144.0,20.41
C3709,2025-04,search,US,low,full_price,15,7,active,119.0,22.92
C3710,2025-05,referral,UK,high,full_price,17,6,active,85.0,14.65
C3711,2025-06,paid_social,UK,mid,discount,13,5,active,71.0,16.14
C3712,2025-01,paid_social,US,low,discount,13,9,churned,104.0,36.79
C3713,2025-02,search,UK,high,discount,17,3,churned,51.0,23.33
C3714,2025-03,paid_social,UK,low,discount,13,8,active,116.0,28.55
C3715,2025-04,search,CA,mid,full_price,13,7,active,99.0,17.87
C3716,2025-05,referral,IN,mid,discount,15,3,churned,30.0,15.75
C3717,2025-06,referral,IN,low,discount,13,5,active,81.0,10.12
C3718,2025-01,paid_social,UK,low,discount,15,3,churned,49.5,26.18
C3719,2025-02,referral,IN,low,discount,13,1,churned,13.0,7.48
C3720,2025-03,search,UK,low,discount,13,3,churned,26.0,23.88
C3721,2025-04,search,US,high,full_price,17,7,active,120.0,15.5
C3722,2025-05,search,US,mid,full_price,17,6,active,118.0,24.13
C3723,2025-06,search,UK,mid,full_price,17,5,active,93.0,20.54
C3724,2025-01,search,CA,mid,full_price,13,5,churned,58.5,24.39
C3725,2025-02,search,UK,high,full_price,15,9,active,155.0,23.13
C3726,2025-03,referral,IN,mid,discount,15,8,active,113.0,7.36
C3727,2025-04,paid_social,US,mid,full_price,15,7,active,90.0,27.88
C3728,2025-05,search,UK,mid,full_price,15,4,churned,68.0,13.42
C3729,2025-06,search,US,mid,full_price,17,5,active,85.0,20.94
C3730,2025-01,referral,US,low,discount,15,3,churned,37.5,9.08
C3731,2025-02,referral,US,mid,full_price,15,4,churned,60.25,16.48
C3732,2025-03,search,UK,high,discount,15,5,churned,93.0,24.64
C3733,2025-04,paid_social,UK,mid,discount,13,3,churned,39.0,32.31
C3734,2025-05,paid_social,CA,low,full_price,17,6,active,110.0,32.0
C3735,2025-06,referral,US,mid,full_price,15,5,active,75.0,13.09
C3736,2025-01,paid_social,US,low,discount,13,3,churned,43.75,28.04
C3737,2025-02,referral,UK,low,discount,13,9,active,118.0,8.7
C3738,2025-03,paid_social,UK,high,full_price,17,8,active,131.0,18.38
C3739,2025-04,paid_social,US,mid,full_price,15,2,churned,38.0,25.62
C3740,2025-05,search,US,mid,discount,15,1,churned,19.0,22.89
C3741,2025-06,search,IN,low,discount,15,5,active,91.0,20.21
C3742,2025-01,paid_social,UK,low,discount,15,10,active,170.0,40.52
C3743,2025-02,search,IN,mid,full_price,15,9,active,151.0,28.99
C3744,2025-03,paid_social,IN,low,discount,13,1,churned,21.0,29.41
C3745,2025-04,paid_social,IN,low,discount,13,2,churned,22.75,33.2
C3746,2025-05,paid_social,US,mid,full_price,15,6,active,96.0,21.04
C3747,2025-06,paid_social,IN,low,discount,13,4,churned,58.0,23.57
C3748,2025-01,search,US,low,full_price,13,4,churned,48.75,21.15
C3749,2025-02,referral,IN,low,discount,15,1,churned,7.5,10.72
C3750,2025-03,referral,IN,mid,discount,13,7,churned,107.0,10.33
C3751,2025-04,search,IN,mid,discount,15,4,churned,66.0,26.28
C3752,2025-05,search,US,low,discount,17,4,churned,72.0,27.51
C3753,2025-06,paid_social,IN,mid,discount,15,5,active,75.0,21.65
C3754,2025-01,search,US,high,full_price,17,10,active,174.0,26.89
C3755,2025-02,search,IN,high,full_price,17,9,active,167.0,23.72
C3756,2025-03,paid_social,UK,low,discount,17,3,churned,51.0,21.58
C3757,2025-04,search,IN,high,full_price,15,7,active,113.0,18.78
C3758,2025-05,paid_social,IN,low,discount,13,1,churned,13.0,34.32
C3759,2025-06,paid_social,US,low,full_price,13,4,churned,48.75,28.74
C3760,2025-01,paid_social,UK,mid,full_price,17,10,active,153.0,21.67
C3761,2025-02,search,US,high,full_price,15,9,active,126.0,30.77
C3762,2025-03,paid_social,IN,low,discount,15,4,churned,68.0,33.62
C3763,2025-04,referral,US,low,discount,13,6,churned,82.0,9.07
C3764,2025-05,referral,US,mid,discount,15,5,churned,79.25,11.01
C3765,2025-06,referral,IN,mid,discount,17,1,churned,8.5,8.38
C3766,2025-01,search,US,mid,full_price,15,10,active,153.0,14.45
C3767,2025-02,search,CA,mid,full_price,13,9,active,124.0,20.14
C3768,2025-03,paid_social,US,high,full_price,15,8,active,128.0,25.3
C3769,2025-04,paid_social,UK,high,full_price,15,7,active,105.0,44.12
C3770,2025-05,paid_social,IN,mid,discount,17,6,active,110.0,39.49
C3771,2025-06,referral,UK,low,discount,15,1,churned,15.0,15.0
C3772,2025-01,paid_social,UK,mid,full_price,17,10,active,174.0,32.88
C3773,2025-02,search,UK,mid,full_price,13,9,active,123.0,26.34
C3774,2025-03,search,US,low,discount,13,4,churned,60.0,18.28
C3775,2025-04,search,IN,low,discount,13,7,active,78.0,31.21
C3776,2025-05,search,CA,mid,full_price,13,6,active,88.0,22.55
C3777,2025-06,search,IN,mid,full_price,17,5,active,89.0,25.36
C3778,2025-01,referral,IN,high,full_price,15,10,active,145.0,10.19
C3779,2025-02,search,US,high,full_price,17,3,churned,59.0,28.06
C3780,2025-03,paid_social,IN,mid,full_price,13,8,active,91.0,19.43
C3781,2025-04,referral,UK,mid,discount,15,4,churned,60.0,8.23
C3782,2025-05,paid_social,CA,mid,full_price,15,6,active,81.0,28.84
C3783,2025-06,search,US,high,full_price,17,5,active,93.0,21.62
C3784,2025-01,referral,CA,low,full_price,13,10,active,131.0,8.94
C3785,2025-02,paid_social,IN,mid,full_price,15,2,churned,30.0,33.64
C3786,2025-03,paid_social,US,high,full_price,17,8,active,119.0,24.89
C3787,2025-04,search,US,mid,full_price,15,7,active,90.0,27.39
C3788,2025-05,referral,IN,mid,discount,15,3,churned,53.0,10.45
C3789,2025-06,paid_social,IN,low,discount,15,1,churned,15.0,29.63
C3790,2025-01,referral,UK,low,discount,13,3,churned,39.0,11.27
C3791,2025-02,paid_social,CA,low,full_price,13,2,churned,6.5,36.27
C3792,2025-03,referral,IN,low,discount,15,8,active,120.0,14.0
C3793,2025-04,paid_social,US,mid,discount,13,7,active,109.0,31.29
C3794,2025-05,search,CA,low,full_price,13,1,churned,9.75,26.48
C3795,2025-06,search,US,mid,full_price,15,5,active,75.0,19.57
C3796,2025-01,paid_social,IN,low,discount,13,10,active,150.0,39.47
C3797,2025-02,search,CA,low,full_price,13,3,churned,47.0,19.86
C3798,2025-03,search,UK,mid,full_price,15,8,active,126.0,24.23
C3799,2025-04,paid_social,CA,mid,full_price,17,7,active,91.0,26.14
C3800,2025-05,referral,CA,low,discount,13,1,churned,13.0,12.29
C3801,2025-06,paid_social,US,mid,full_price,15,5,active,57.0,34.82
C3802,2025-01,paid_social,IN,low,discount,15,1,churned,11.25,31.22
C3803,2025-02,search,US,mid,discount,17,9,active,157.0,28.1
C3804,2025-03,search,CA,high,full_price,15,4,churned,60.0,29.99
C3805,2025-04,search,US,high,full_price,17,7,active,114.0,20.56
C3806,2025-05,paid_social,US,mid,full_price,13,6,active,65.0,40.85
C3807,2025-06,search,US,low,discount,13,5,active,65.0,17.27
C3808,2025-01,referral,US,mid,full_price,17,10,active,177.0,9.97
C3809,2025-02,paid_social,IN,mid,full_price,15,8,churned,103.5,34.12
C3810,2025-03,paid_social,US,mid,full_price,17,8,active,110.0,39.46
C3811,2025-04,search,IN,low,discount,17,5,churned,109.0,28.64
C3812,2025-05,search,US,low,full_price,13,6,active,65.0,21.87
C3813,2025-06,paid_social,CA,high,full_price,17,5,active,74.0,17.64
C3814,2025-01,paid_social,UK,mid,full_price,15,10,active,135.0,22.6
C3815,2025-02,search,US,high,full_price,17,9,active,165.0,27.45
C3816,2025-03,referral,CA,mid,full_price,13,8,active,99.0,8.76
C3817,2025-04,paid_social,IN,high,discount,17,7,active,131.0,35.07
C3818,2025-05,referral,UK,mid,discount,15,5,churned,37.5,9.81
C3819,2025-06,search,US,mid,full_price,15,5,active,83.0,25.71
C3820,2025-01,referral,UK,high,full_price,15,10,active,162.0,7.54
C3821,2025-02,paid_social,US,low,full_price,13,9,active,116.0,30.14
C3822,2025-03,paid_social,US,mid,full_price,13,8,active,116.0,30.12
C3823,2025-04,paid_social,IN,low,full_price,17,7,active,127.0,35.24
C3824,2025-05,referral,US,low,discount,15,1,churned,15.0,15.03
C3825,2025-06,search,US,mid,full_price,15,5,active,57.0,25.68
C3826,2025-01,paid_social,CA,low,discount,15,10,active,160.0,22.73
C3827,2025-02,search,UK,high,discount,17,5,churned,85.0,23.96
C3828,2025-03,search,CA,low,discount,13,5,churned,64.0,19.53
C3829,2025-04,referral,US,mid,full_price,15,7,active,121.0,8.12
C3830,2025-05,search,UK,low,discount,13,3,churned,39.0,24.05
C3831,2025-06,search,US,high,full_price,17,5,active,85.0,29.5
C3832,2025-01,paid_social,US,high,full_price,15,1,churned,15.0,27.34
C3833,2025-02,search,IN,high,discount,17,5,churned,80.75,19.02
C3834,2025-03,referral,UK,high,full_price,13,2,churned,30.0,13.08
C3835,2025-04,referral,UK,mid,discount,17,3,churned,51.0,12.19
C3836,2025-05,search,IN,low,discount,13,5,churned,61.75,21.99
C3837,2025-06,paid_social,IN,low,discount,13,5,active,60.0,16.4
C3838,2025-01,search,CA,low,discount,13,3,churned,32.5,26.97
C3839,2025-02,paid_social,UK,low,full_price,13,9,active,110.0,23.44
C3840,2025-03,search,IN,high,discount,15,1,churned,11.25,27.71
C3841,2025-04,search,US,high,full_price,17,7,active,131.0,24.46
C3842,2025-05,search,US,low,discount,13,3,churned,39.0,26.82
C3843,2025-06,search,UK,low,full_price,13,5,active,71.0,22.55
C3844,2025-01,referral,US,mid,full_price,17,10,active,173.0,6.66
C3845,2025-02,paid_social,UK,low,discount,15,4,churned,43.5,32.81
C3846,2025-03,paid_social,IN,mid,discount,15,2,churned,30.0,28.07
C3847,2025-04,referral,UK,high,full_price,17,7,active,143.0,5.93
C3848,2025-05,paid_social,US,mid,discount,15,6,active,108.0,31.0
C3849,2025-06,paid_social,US,high,full_price,13,5,active,73.0,20.85
C3850,2025-01,search,UK,mid,discount,15,7,churned,96.0,26.89
C3851,2025-02,search,CA,low,discount,15,7,churned,88.5,25.85
C3852,2025-03,paid_social,UK,low,discount,13,3,churned,43.75,22.42
C3853,2025-04,search,UK,high,full_price,17,7,active,102.0,25.55
C3854,2025-05,paid_social,IN,high,full_price,13,6,active,78.0,25.58
C3855,2025-06,referral,US,mid,discount,15,5,active,75.0,10.58
C3856,2025-01,referral,IN,high,full_price,17,10,active,153.0,13.69
C3857,2025-02,referral,US,low,discount,13,9,active,104.0,15.72
C3858,2025-03,referral,UK,low,discount,13,4,churned,60.0,11.85
C3859,2025-04,referral,US,low,discount,13,3,churned,39.0,11.16
C3860,2025-05,search,UK,mid,discount,13,6,active,78.0,26.06
C3861,2025-06,paid_social,US,mid,discount,15,5,active,79.0,29.95
C3862,2025-01,paid_social,UK,mid,full_price,15,10,active,150.0,29.46
C3863,2025-02,referral,IN,mid,discount,15,5,churned,89.0,14.19
C3864,2025-03,search,CA,low,full_price,13,8,active,91.0,15.94
C3865,2025-04,search,CA,high,full_price,17,7,active,125.0,21.3
C3866,2025-05,paid_social,US,low,full_price,13,4,churned,45.5,30.75
C3867,2025-06,paid_social,UK,low,discount,13,1,churned,9.75,25.46
C3868,2025-01,search,UK,mid,full_price,17,10,active,165.0,20.89
C3869,2025-02,referral,CA,mid,discount,17,3,churned,51.0,11.27
C3870,2025-03,referral,US,high,discount,17,1,churned,12.75,14.47
C3871,2025-04,referral,US,high,discount,13,2,churned,19.5,10.61
C3872,2025-05,paid_social,US,mid,discount,13,4,churned,52.0,34.97
C3873,2025-06,paid_social,UK,mid,full_price,15,5,active,79.0,28.44
C3874,2025-01,search,CA,low,full_price,13,6,churned,82.0,17.9
C3875,2025-02,referral,US,low,discount,13,3,churned,49.0,11.43
C3876,2025-03,referral,US,low,discount,13,1,churned,6.5,11.33
C3877,2025-04,search,US,mid,full_price,15,7,active,125.0,30.14
C3878,2025-05,paid_social,IN,high,full_price,15,6,active,79.0,23.08
C3879,2025-06,referral,UK,low,discount,17,4,churned,65.5,12.89
C3880,2025-01,referral,US,low,discount,15,7,churned,82.5,11.88
C3881,2025-02,referral,IN,mid,discount,15,6,churned,102.0,9.29
C3882,2025-03,referral,CA,low,discount,13,8,churned,118.0,10.84
C3883,2025-04,search,UK,low,discount,15,7,active,119.0,25.98
C3884,2025-05,paid_social,US,mid,full_price,15,6,active,96.0,25.38
C3885,2025-06,search,UK,high,full_price,13,5,active,65.0,22.12
C3886,2025-01,paid_social,UK,mid,discount,15,5,churned,83.0,28.39
C3887,2025-02,paid_social,CA,low,discount,17,1,churned,17.0,15.6
C3888,2025-03,search,IN,low,full_price,17,8,active,119.0,25.33
C3889,2025-04,search,IN,low,discount,13,7,churned,103.0,25.16
C3890,2025-05,search,UK,low,full_price,15,3,churned,51.0,19.52
C3891,2025-06,paid_social,UK,high,full_price,17,5,active,89.0,28.89
C3892,2025-01,search,CA,low,full_price,15,10,active,150.0,23.83
C3893,2025-02,referral,UK,low,discount,13,2,churned,22.75,7.16
C3894,2025-03,search,US,mid,full_price,13,8,active,110.0,21.84
C3895,2025-04,referral,IN,high,discount,17,7,churned,123.0,12.03
C3896,2025-05,referral,IN,low,discount,15,1,churned,11.25,19.02
C3897,2025-06,referral,CA,high,full_price,17,5,active,68.0,8.81
C3898,2025-01,paid_social,US,mid,full_price,15,10,active,135.0,28.95
C3899,2025-02,search,UK,low,full_price,13,9,active,129.0,16.96
C3900,2025-03,paid_social,IN,mid,discount,15,6,churned,90.0,28.61
C3901,2025-04,search,CA,mid,full_price,15,7,active,106.0,17.72
C3902,2025-05,search,UK,high,full_price,15,6,active,96.0,13.82
C3903,2025-06,search,IN,low,discount,13,5,churned,69.0,25.51
C3904,2025-01,paid_social,IN,mid,discount,15,5,churned,83.0,32.7
C3905,2025-02,search,US,low,full_price,13,9,active,123.0,13.63
C3906,2025-03,search,CA,low,discount,15,8,active,115.0,24.63
C3907,2025-04,search,UK,high,full_price,17,2,churned,16.75,25.23
C3908,2025-05,referral,IN,low,discount,13,6,churned,78.0,9.66
C3909,2025-06,referral,UK,mid,discount,17,5,active,95.0,14.33
C3910,2025-01,referral,IN,mid,discount,15,2,churned,30.0,12.77
C3911,2025-02,referral,UK,high,full_price,17,9,active,163.0,19.14
C3912,2025-03,search,IN,mid,discount,15,5,churned,60.0,17.26
C3913,2025-04,search,UK,low,full_price,15,7,active,117.0,17.16
C3914,2025-05,referral,IN,mid,discount,15,3,churned,41.25,7.77
C3915,2025-06,search,US,high,full_price,17,5,active,85.0,39.62
C3916,2025-01,paid_social,US,high,discount,17,10,active,153.0,32.8
C3917,2025-02,paid_social,IN,low,discount,13,4,churned,32.5,19.81
C3918,2025-03,search,US,mid,full_price,15,8,active,120.0,19.84
C3919,2025-04,referral,UK,low,discount,15,7,active,111.0,8.44
C3920,2025-05,referral,US,mid,full_price,17,6,active,110.0,14.22
C3921,2025-06,referral,UK,mid,discount,15,5,churned,67.5,12.48
C3922,2025-01,paid_social,UK,mid,full_price,15,10,active,135.0,37.71
C3923,2025-02,referral,CA,low,full_price,13,4,churned,43.0,8.32
C3924,2025-03,search,UK,mid,full_price,17,8,active,152.0,23.48
C3925,2025-04,referral,US,low,discount,13,2,churned,26.0,7.51
C3926,2025-05,search,CA,mid,full_price,15,6,active,75.0,31.0
C3927,2025-06,paid_social,US,low,discount,13,5,active,65.0,27.37
C3928,2025-01,paid_social,US,mid,discount,13,7,churned,91.0,37.78
C3929,2025-02,paid_social,US,low,discount,13,3,churned,39.0,30.05
C3930,2025-03,paid_social,IN,low,discount,13,5,churned,67.75,38.15
C3931,2025-04,paid_social,US,mid,full_price,17,7,active,102.0,30.84
C3932,2025-05,search,CA,low,discount,13,6,active,52.0,19.81
C3933,2025-06,paid_social,IN,low,discount,13,4,churned,52.0,26.39
C3934,2025-01,referral,UK,mid,full_price,15,10,active,150.0,8.26
C3935,2025-02,search,UK,low,discount,15,6,churned,87.0,22.11
C3936,2025-03,search,US,high,full_price,15,8,active,120.0,27.9
C3937,2025-04,search,UK,high,full_price,17,7,active,123.0,27.48
C3938,2025-05,referral,IN,mid,discount,15,6,active,75.0,8.1
C3939,2025-06,referral,CA,low,discount,17,1,churned,17.0,12.76
C3940,2025-01,referral,US,mid,discount,15,5,churned,60.0,13.83
C3941,2025-02,search,UK,mid,full_price,13,9,active,116.0,24.76
C3942,2025-03,referral,IN,mid,discount,13,8,active,104.0,14.41
C3943,2025-04,search,CA,mid,full_price,15,7,active,117.0,17.16
C3944,2025-05,search,UK,high,full_price,17,6,active,116.0,24.38
C3945,2025-06,referral,IN,mid,discount,13,2,churned,26.0,8.76
C3946,2025-01,paid_social,IN,mid,discount,13,1,churned,9.75,18.37
C3947,2025-02,referral,US,mid,full_price,15,9,active,128.0,10.54
C3948,2025-03,search,CA,low,full_price,13,8,active,126.0,32.64
C3949,2025-04,search,UK,mid,full_price,15,7,active,115.0,37.18
C3950,2025-05,paid_social,US,mid,full_price,13,6,active,78.0,22.48
C3951,2025-06,paid_social,IN,high,discount,17,5,active,76.0,30.16
C3952,2025-01,search,CA,high,full_price,17,10,active,161.0,23.78
C3953,2025-02,paid_social,IN,low,discount,13,2,churned,34.0,26.76
C3954,2025-03,search,US,high,full_price,17,8,active,137.0,20.95
C3955,2025-04,paid_social,US,high,full_price,17,2,churned,33.75,30.63
C3956,2025-05,paid_social,UK,low,full_price,15,6,active,106.0,24.66
C3957,2025-06,search,US,low,discount,13,5,active,64.0,21.34
C3958,2025-01,paid_social,UK,mid,discount,13,1,churned,21.0,23.04
C3959,2025-02,search,UK,low,discount,17,2,churned,34.0,22.95
C3960,2025-03,paid_social,CA,mid,full_price,15,8,active,109.0,26.01
C3961,2025-04,referral,UK,low,discount,13,3,churned,51.0,11.74
C3962,2025-05,referral,IN,low,discount,13,4,churned,66.0,7.53
C3963,2025-06,referral,UK,high,discount,15,5,active,60.0,13.63
C3964,2025-01,paid_social,UK,high,full_price,13,10,active,129.0,22.83
C3965,2025-02,paid_social,IN,low,discount,17,4,churned,57.0,32.97
C3966,2025-03,referral,IN,low,discount,13,2,churned,30.0,11.97
C3967,2025-04,search,UK,low,full_price,13,4,churned,56.0,22.5
C3968,2025-05,paid_social,US,low,full_price,13,6,active,71.0,37.12
C3969,2025-06,search,UK,mid,full_price,13,5,active,65.0,19.33
C3970,2025-01,paid_social,UK,high,full_price,15,10,active,155.0,30.06
C3971,2025-02,paid_social,US,low,discount,15,2,churned,40.0,15.97
C3972,2025-03,referral,US,mid,full_price,15,2,churned,22.5,11.68
C3973,2025-04,referral,UK,low,discount,15,5,churned,71.25,10.86
C3974,2025-05,paid_social,UK,low,discount,13,6,active,78.0,36.43
C3975,2025-06,referral,IN,low,discount,15,3,churned,55.5,8.07
C3976,2025-01,paid_social,US,high,full_price,17,8,churned,150.0,30.92
C3977,2025-02,referral,UK,low,discount,15,6,churned,98.0,12.4
C3978,2025-03,search,US,mid,discount,17,2,churned,34.0,20.37
C3979,2025-04,search,US,mid,full_price,15,3,churned,30.0,28.81
C3980,2025-05,referral,UK,mid,full_price,17,6,active,106.0,8.84
C3981,2025-06,search,UK,high,full_price,17,5,active,93.0,20.06
C3982,2025-01,search,US,mid,full_price,13,10,active,130.0,20.72
C3983,2025-02,paid_social,CA,mid,full_price,15,9,active,143.0,25.08
C3984,2025-03,search,US,high,full_price,17,8,active,140.0,19.78
C3985,2025-04,search,IN,low,discount,13,1,churned,9.75,18.45
C3986,2025-05,referral,UK,low,discount,13,6,churned,84.0,8.71
C3987,2025-06,search,UK,low,full_price,15,3,churned,45.0,12.89
C3988,2025-01,search,US,high,full_price,17,10,active,159.0,19.36
C3989,2025-02,referral,US,mid,discount,17,2,churned,38.0,6.75
C3990,2025-03,search,US,mid,full_price,15,8,active,136.0,40.23
C3991,2025-04,referral,CA,mid,discount,15,7,active,123.0,10.67
C3992,2025-05,paid_social,UK,low,full_price,15,6,active,75.0,26.24
C3993,2025-06,paid_social,IN,low,discount,13,3,churned,47.0,25.68
C3994,2025-01,search,UK,low,full_price,17,10,active,144.0,23.43
C3995,2025-02,search,IN,mid,discount,15,9,active,126.0,15.68
C3996,2025-03,search,US,low,discount,13,2,churned,19.5,17.29
C3997,2025-04,search,UK,low,discount,13,4,churned,41.75,18.5
C3998,2025-05,referral,CA,mid,discount,15,6,active,94.0,11.51
C3999,2025-06,referral,IN,low,full_price,15,5,active,89.0,13.6
C4000,2025-01,search,US,mid,full_price,15,10,active,150.0,19.66
C4001,2025-02,search,US,mid,full_price,13,7,churned,92.0,19.06
C4002,2025-03,paid_social,US,low,discount,17,2,churned,34.0,25.03
C4003,2025-04,referral,IN,low,discount,15,6,churned,81.0,11.48
C4004,2025-05,referral,US,mid,discount,15,4,churned,59.0,12.61
C4005,2025-06,paid_social,US,mid,full_price,17,5,active,89.0,36.45
C4006,2025-01,referral,UK,low,discount,13,10,active,130.0,16.19
C4007,2025-02,search,US,mid,full_price,17,9,active,161.0,17.37
C4008,2025-03,referral,US,low,full_price,15,8,active,120.0,11.68
C4009,2025-04,paid_social,UK,mid,full_price,17,2,churned,34.0,33.57
C4010,2025-05,referral,US,high,full_price,17,6,active,85.0,5.87
C4011,2025-06,referral,IN,low,discount,15,5,churned,68.0,10.19
C4012,2025-01,paid_social,IN,mid,discount,15,2,churned,26.25,36.25
C4013,2025-02,referral,US,high,discount,17,9,active,135.0,14.42
C4014,2025-03,paid_social,US,low,full_price,13,8,active,91.0,36.64
C4015,2025-04,paid_social,UK,mid,full_price,17,7,active,114.0,19.17
C4016,2025-05,search,UK,high,full_price,17,6,active,106.0,24.67
C4017,2025-06,paid_social,IN,high,full_price,15,5,churned,83.25,29.05
C4018,2025-01,paid_social,UK,mid,full_price,17,10,active,178.0,28.71
C4019,2025-02,referral,IN,mid,full_price,15,9,active,143.0,6.59
C4020,2025-03,referral,US,low,discount,13,3,churned,45.0,10.73
C4021,2025-04,paid_social,UK,high,discount,13,3,churned,39.75,25.89
C4022,2025-05,paid_social,US,mid,full_price,15,6,active,98.0,25.76
C4023,2025-06,paid_social,CA,low,full_price,13,3,churned,39.75,15.33
C4024,2025-01,referral,IN,low,discount,13,3,churned,32.5,8.28
C4025,2025-02,paid_social,IN,low,discount,17,1,churned,17.0,30.89
C4026,2025-03,search,UK,low,full_price,13,8,churned,104.0,28.79
C4027,2025-04,search,IN,high,full_price,15,7,active,90.0,26.72
C4028,2025-05,paid_social,US,low,discount,13,6,active,86.0,29.22
C4029,2025-06,search,IN,mid,full_price,15,5,active,75.0,22.54
C4030,2025-01,search,IN,mid,discount,17,4,churned,59.5,27.89
C4031,2025-02,paid_social,US,low,discount,15,1,churned,0.0,19.6
C4032,2025-03,paid_social,IN,mid,discount,15,5,churned,71.25,18.48
C4033,2025-04,referral,US,mid,discount,17,7,active,119.0,12.27
C4034,2025-05,paid_social,IN,high,discount,15,6,churned,96.5,28.76
C4035,2025-06,referral,US,high,full_price,17,5,active,85.0,12.81
C4036,2025-01,referral,IN,low,full_price,15,10,active,162.0,8.42
C4037,2025-02,paid_social,IN,mid,discount,17,9,active,169.0,45.94
C4038,2025-03,referral,IN,mid,discount,15,8,active,132.0,10.21
C4039,2025-04,search,US,low,discount,15,7,active,111.0,6.58
C4040,2025-05,search,US,mid,full_price,17,6,active,108.0,24.29
C4041,2025-06,referral,IN,low,discount,13,1,churned,13.0,6.86
C4042,2025-01,search,US,high,full_price,15,10,active,156.0,17.78
C4043,2025-02,paid_social,UK,low,discount,13,1,churned,17.75,33.84
C4044,2025-03,paid_social,US,mid,discount,15,7,churned,101.25,10.61
C4045,2025-04,search,IN,mid,full_price,15,1,churned,15.0,25.66
C4046,2025-05,referral,UK,high,full_price,17,6,active,102.0,12.39
C4047,2025-06,search,US,mid,discount,15,5,active,78.0,28.39
C4048,2025-01,search,US,low,discount,15,9,churned,126.0,15.14
C4049,2025-02,paid_social,US,low,discount,13,3,churned,39.0,29.8
C4050,2025-03,referral,IN,low,discount,13,6,churned,71.5,12.82
C4051,2025-04,paid_social,CA,high,discount,17,7,active,119.0,35.94
C4052,2025-05,search,CA,high,full_price,17,6,active,89.0,32.23
C4053,2025-06,referral,UK,low,discount,13,1,churned,13.0,10.99
C4054,2025-01,paid_social,US,high,full_price,17,10,active,163.0,22.11
C4055,2025-02,search,UK,low,full_price,13,1,churned,13.0,30.85
C4056,2025-03,search,UK,high,full_price,17,8,active,106.0,31.55
C4057,2025-04,search,US,mid,discount,15,5,churned,73.5,23.06
C4058,2025-05,paid_social,US,mid,discount,15,6,active,75.0,26.24
C4059,2025-06,referral,US,high,full_price,15,5,active,75.0,17.11
C4060,2025-01,referral,UK,mid,discount,17,10,active,165.0,9.36
C4061,2025-02,search,CA,high,full_price,17,9,active,153.0,22.74
C4062,2025-03,referral,IN,low,discount,13,5,churned,81.0,15.66
C4063,2025-04,paid_social,UK,mid,full_price,17,7,active,93.0,20.48
C4064,2025-05,referral,US,mid,discount,15,1,churned,15.0,12.35
C4065,2025-06,search,US,high,full_price,15,5,active,75.0,23.75
C4066,2025-01,search,CA,low,full_price,13,10,active,150.0,25.43
C4067,2025-02,paid_social,IN,mid,discount,15,5,churned,81.0,23.21
C4068,2025-03,search,CA,mid,full_price,13,8,active,118.0,24.14
C4069,2025-04,search,UK,high,full_price,15,7,churned,109.25,19.79
C4070,2025-05,paid_social,UK,low,full_price,13,6,active,65.0,30.5
C4071,2025-06,referral,UK,high,full_price,17,5,active,101.0,12.88
C4072,2025-01,search,US,high,full_price,17,10,active,186.0,20.36
C4073,2025-02,paid_social,US,low,discount,13,3,churned,32.0,32.9
C4074,2025-03,paid_social,CA,mid,discount,13,8,active,108.0,22.61
C4075,2025-04,paid_social,UK,mid,full_price,15,7,active,90.0,21.05
C4076,2025-05,referral,IN,low,discount,13,4,churned,52.0,13.46
C4077,2025-06,search,UK,high,full_price,17,5,active,85.0,25.92
C4078,2025-01,search,US,low,full_price,13,10,active,110.0,17.79
C4079,2025-02,referral,US,low,discount,15,6,churned,102.0,9.93
C4080,2025-03,search,CA,mid,full_price,13,4,churned,52.0,19.55
C4081,2025-04,paid_social,US,mid,discount,13,3,churned,39.0,35.18
C4082,2025-05,search,CA,low,full_price,15,6,active,75.0,18.64
C4083,2025-06,referral,IN,mid,discount,15,1,churned,11.25,13.96
C4084,2025-01,paid_social,IN,low,full_price,13,10,active,138.0,31.84
C4085,2025-02,paid_social,UK,low,discount,13,4,churned,64.0,45.47
C4086,2025-03,paid_social,UK,low,discount,15,6,churned,112.0,26.55
C4087,2025-04,search,UK,mid,full_price,15,7,active,105.0,30.22
C4088,2025-05,referral,US,high,discount,15,1,churned,19.25,12.35
C4089,2025-06,referral,IN,mid,discount,15,5,active,75.0,9.92
C4090,2025-01,search,CA,low,full_price,13,4,churned,52.0,22.61
C4091,2025-02,search,UK,low,discount,13,9,active,104.0,20.85
C4092,2025-03,referral,IN,low,discount,13,4,churned,60.0,7.55
C4093,2025-04,paid_social,UK,mid,discount,15,5,churned,75.0,36.76
C4094,2025-05,search,CA,low,full_price,13,3,churned,39.0,25.94
C4095,2025-06,paid_social,UK,low,discount,13,1,churned,6.5,30.43
C4096,2025-01,paid_social,US,high,discount,17,10,churned,165.0,32.86
C4097,2025-02,referral,UK,mid,discount,15,3,churned,41.25,7.65
C4098,2025-03,referral,IN,low,discount,13,1,churned,9.75,9.33
C4099,2025-04,paid_social,US,mid,discount,17,6,churned,84.5,28.81
C4100,2025-05,paid_social,CA,low,discount,13,1,churned,13.0,25.22
C4101,2025-06,search,IN,low,discount,13,3,churned,40.5,26.69
C4102,2025-01,paid_social,IN,high,discount,17,6,churned,106.0,23.01
C4103,2025-02,paid_social,US,mid,full_price,15,9,active,139.0,30.18
C4104,2025-03,paid_social,UK,low,discount,13,2,churned,27.5,25.35
C4105,2025-04,search,US,mid,full_price,15,7,active,115.0,18.33
C4106,2025-05,referral,IN,low,discount,15,3,churned,45.0,12.61
C4107,2025-06,referral,UK,mid,full_price,15,5,active,83.0,7.25
C4108,2025-01,paid_social,US,low,full_price,13,10,active,130.0,30.19
C4109,2025-02,paid_social,US,high,full_price,17,1,churned,8.5,21.97
C4110,2025-03,search,US,mid,full_price,17,8,active,135.0,32.41
C4111,2025-04,search,IN,mid,discount,15,7,active,110.0,25.86
C4112,2025-05,paid_social,UK,mid,full_price,15,6,active,90.0,24.61
C4113,2025-06,search,CA,mid,full_price,15,5,active,83.0,27.73
C4114,2025-01,paid_social,US,low,discount,15,2,churned,30.0,27.78
C4115,2025-02,paid_social,US,mid,full_price,15,9,active,135.0,35.73
C4116,2025-03,search,US,low,full_price,13,8,active,99.0,22.49
C4117,2025-04,paid_social,UK,low,full_price,13,7,churned,97.0,33.53
C4118,2025-05,paid_social,CA,low,discount,15,6,active,83.0,21.48
C4119,2025-06,search,CA,mid,full_price,17,2,churned,12.75,19.64
C4120,2025-01,paid_social,IN,low,discount,13,1,churned,13.0,28.93
C4121,2025-02,paid_social,IN,low,discount,15,9,churned,126.0,23.36
C4122,2025-03,search,CA,mid,full_price,15,8,active,120.0,25.93
C4123,2025-04,referral,CA,high,full_price,17,7,active,102.0,11.53
C4124,2025-05,referral,CA,high,full_price,17,6,active,102.0,12.36
C4125,2025-06,referral,US,high,full_price,15,5,active,81.0,10.97
C4126,2025-01,paid_social,UK,high,full_price,17,10,active,157.0,35.67
C4127,2025-02,referral,UK,mid,discount,15,9,active,143.0,9.04
C4128,2025-03,paid_social,UK,mid,full_price,17,8,active,150.0,44.85
C4129,2025-04,search,US,mid,full_price,15,7,active,90.0,21.96
C4130,2025-05,paid_social,IN,high,discount,15,6,active,94.0,27.23
C4131,2025-06,search,UK,low,full_price,13,4,churned,35.75,20.15
C4132,2025-01,paid_social,US,low,discount,13,5,churned,81.0,24.01
C4133,2025-02,search,US,mid,full_price,15,9,active,135.0,16.9
C4134,2025-03,referral,US,high,full_price,17,1,churned,12.75,6.89
C4135,2025-04,paid_social,UK,mid,discount,13,7,active,90.0,34.59
C4136,2025-05,search,CA,high,discount,17,3,churned,25.5,26.21
C4137,2025-06,referral,IN,mid,discount,15,4,churned,60.0,7.43
C4138,2025-01,paid_social,UK,high,full_price,17,10,active,182.0,29.19
C4139,2025-02,referral,IN,high,discount,17,1,churned,12.75,9.79
C4140,2025-03,search,US,low,discount,13,1,churned,13.0,24.62
C4141,2025-04,search,US,low,full_price,13,7,active,73.0,25.23
C4142,2025-05,search,US,mid,discount,15,1,churned,11.25,27.59
C4143,2025-06,paid_social,UK,mid,full_price,15,5,active,81.0,19.61
C4144,2025-01,referral,US,high,full_price,17,10,active,165.0,10.75
C4145,2025-02,paid_social,US,low,discount,13,1,churned,6.5,16.66
C4146,2025-03,search,IN,high,discount,17,5,churned,88.75,25.93
C4147,2025-04,search,US,high,full_price,17,7,active,119.0,20.67
C4148,2025-05,paid_social,IN,low,discount,17,1,churned,17.0,46.53
C4149,2025-06,referral,IN,mid,discount,13,3,churned,47.0,11.72
C4150,2025-01,search,US,high,full_price,17,10,active,204.0,28.05
C4151,2025-02,referral,IN,mid,discount,15,3,churned,41.5,9.3
C4152,2025-03,referral,IN,low,discount,13,3,churned,39.0,7.52
C4153,2025-04,referral,UK,high,full_price,17,7,active,123.0,14.24
C4154,2025-05,referral,US,mid,full_price,15,6,active,90.0,9.39
C4155,2025-06,referral,UK,mid,discount,15,4,churned,60.0,15.66
C4156,2025-01,referral,CA,low,discount,13,8,churned,97.0,11.95
C4157,2025-02,paid_social,CA,low,full_price,13,3,churned,39.0,28.54
C4158,2025-03,referral,US,low,discount,13,5,churned,65.0,9.65
C4159,2025-04,paid_social,UK,high,discount,15,7,active,109.0,22.44
C4160,2025-05,search,US,mid,full_price,17,6,active,118.0,17.27
C4161,2025-06,referral,US,high,full_price,17,5,active,72.0,11.74
C4162,2025-01,search,US,high,full_price,15,10,active,158.0,13.77
C4163,2025-02,search,CA,high,full_price,17,1,churned,17.0,22.11
C4164,2025-03,paid_social,US,high,full_price,15,8,active,120.0,30.23
C4165,2025-04,search,CA,high,full_price,17,7,active,119.0,28.59
C4166,2025-05,referral,IN,mid,discount,17,3,churned,42.5,15.93
C4167,2025-06,paid_social,CA,mid,full_price,17,5,active,91.0,24.12
C4168,2025-01,search,UK,low,discount,15,1,churned,15.0,23.53
C4169,2025-02,referral,US,low,discount,17,1,churned,17.0,14.51
C4170,2025-03,search,UK,mid,full_price,15,3,churned,45.0,20.77
C4171,2025-04,referral,IN,low,discount,13,7,active,86.0,11.74
C4172,2025-05,paid_social,IN,low,discount,13,6,active,78.0,33.66
C4173,2025-06,referral,US,high,full_price,17,5,active,93.0,12.08
C4174,2025-01,referral,IN,low,discount,15,1,churned,15.0,8.4
C4175,2025-02,referral,IN,low,discount,13,8,churned,96.5,9.68
C4176,2025-03,paid_social,US,mid,full_price,15,8,active,126.0,40.69
C4177,2025-04,referral,IN,mid,discount,15,1,churned,-7.5,13.07
C4178,2025-05,paid_social,US,mid,full_price,17,6,active,114.0,19.86
C4179,2025-06,search,UK,mid,discount,13,5,churned,61.75,27.6
C4180,2025-01,search,US,low,full_price,13,10,active,125.0,24.17
C4181,2025-02,paid_social,US,low,discount,13,4,churned,52.0,19.61
C4182,2025-03,referral,CA,high,discount,17,1,churned,17.0,13.25
C4183,2025-04,referral,US,low,discount,13,1,churned,13.0,13.59
C4184,2025-05,paid_social,CA,mid,full_price,17,6,active,102.0,35.85
C4185,2025-06,search,US,mid,full_price,13,5,active,65.0,27.59
C4186,2025-01,paid_social,IN,low,discount,13,4,churned,48.75,28.02
C4187,2025-02,search,IN,high,full_price,15,9,active,136.0,19.63
C4188,2025-03,paid_social,US,high,full_price,15,8,active,130.0,30.36
C4189,2025-04,paid_social,US,low,discount,15,7,active,111.0,26.96
C4190,2025-05,referral,IN,low,discount,13,1,churned,21.0,5.81
C4191,2025-06,referral,CA,low,discount,17,5,churned,84.5,14.31
C4192,2025-01,search,US,mid,full_price,15,5,churned,75.0,23.81
C4193,2025-02,paid_social,UK,mid,discount,13,1,churned,9.75,34.28
C4194,2025-03,search,IN,mid,discount,17,5,churned,86.75,24.17
C4195,2025-04,paid_social,US,low,full_price,13,7,active,107.0,22.45
C4196,2025-05,referral,UK,high,discount,17,6,active,106.0,15.12
C4197,2025-06,search,CA,mid,full_price,15,5,active,75.0,15.76
C4198,2025-01,paid_social,IN,high,discount,15,2,churned,26.25,29.51
C4199,2025-02,referral,IN,mid,discount,15,4,churned,49.0,10.84
C4200,2025-03,search,CA,low,full_price,13,8,active,108.0,20.8
C4201,2025-04,search,UK,low,full_price,13,7,active,99.0,19.43
C4202,2025-05,paid_social,CA,high,full_price,17,6,active,102.0,31.91
C4203,2025-06,search,IN,low,discount,13,3,churned,19.5,20.62
C4204,2025-01,search,IN,high,full_price,15,10,active,117.0,19.28
C4205,2025-02,paid_social,CA,mid,full_price,15,9,active,135.0,39.02
C4206,2025-03,search,IN,mid,discount,15,5,churned,66.0,20.48
C4207,2025-04,search,US,high,full_price,15,7,active,113.0,20.71
C4208,2025-05,paid_social,CA,high,full_price,17,6,active,102.0,30.09
C4209,2025-06,paid_social,CA,low,discount,15,5,active,53.0,28.51
C4210,2025-01,search,CA,low,full_price,15,1,churned,15.0,19.01
C4211,2025-02,paid_social,IN,low,discount,17,9,active,156.0,24.5
C4212,2025-03,referral,UK,low,discount,13,8,active,107.0,8.92
C4213,2025-04,search,US,mid,full_price,13,7,active,91.0,20.81
C4214,2025-05,referral,CA,mid,full_price,15,6,active,90.0,13.38
C4215,2025-06,search,IN,mid,discount,15,5,active,75.0,16.98
C4216,2025-01,referral,US,low,discount,15,6,churned,86.25,8.61
C4217,2025-02,search,UK,low,discount,17,6,churned,99.5,21.09
C4218,2025-03,paid_social,US,high,discount,17,8,churned,144.0,24.27
C4219,2025-04,search,US,mid,full_price,17,7,active,123.0,27.53
C4220,2025-05,search,UK,low,discount,17,3,churned,59.0,31.37
C4221,2025-06,referral,UK,low,discount,13,5,churned,64.5,9.19
C4222,2025-01,search,CA,low,full_price,13,10,active,133.0,12.44
C4223,2025-02,search,UK,high,full_price,17,3,churned,34.0,22.4
C4224,2025-03,referral,UK,mid,discount,15,2,churned,36.0,22.43
C4225,2025-04,search,CA,mid,full_price,13,7,active,91.0,19.8
C4226,2025-05,search,IN,high,discount,17,1,churned,8.5,18.21
C4227,2025-06,search,UK,mid,discount,15,2,churned,30.0,18.12
C4228,2025-01,search,US,mid,full_price,13,10,active,122.0,26.88
C4229,2025-02,referral,IN,low,discount,13,8,churned,97.5,13.94
C4230,2025-03,paid_social,US,low,full_price,13,8,active,126.0,25.93
C4231,2025-04,search,US,mid,full_price,17,7,active,133.0,23.11
C4232,2025-05,paid_social,US,mid,full_price,15,6,active,90.0,31.64
C4233,2025-06,paid_social,US,low,discount,13,3,churned,45.0,39.34
C4234,2025-01,paid_social,US,mid,full_price,13,10,active,121.0,23.68
C4235,2025-02,paid_social,IN,low,discount,17,2,churned,34.0,31.31
C4236,2025-03,paid_social,CA,mid,full_price,17,8,active,119.0,46.49
C4237,2025-04,paid_social,US,mid,discount,15,7,active,111.0,28.76
C4238,2025-05,search,UK,low,full_price,13,6,active,86.0,19.42
C4239,2025-06,search,US,low,full_price,15,5,active,81.0,24.26
C4240,2025-01,referral,CA,mid,full_price,13,10,active,142.0,10.46
C4241,2025-02,paid_social,UK,low,full_price,13,9,active,108.0,34.25
C4242,2025-03,search,UK,mid,full_price,13,8,active,104.0,32.01
C4243,2025-04,paid_social,CA,high,full_price,17,7,active,131.0,25.22
C4244,2025-05,search,US,high,full_price,15,6,active,96.0,23.99
C4245,2025-06,search,US,mid,full_price,15,5,active,72.0,28.54
C4246,2025-01,search,IN,mid,discount,13,4,churned,52.0,19.62
C4247,2025-02,paid_social,UK,mid,discount,15,3,churned,45.0,32.41
C4248,2025-03,search,IN,mid,discount,17,4,churned,68.0,19.57
C4249,2025-04,paid_social,IN,high,discount,17,7,active,84.0,28.8
C4250,2025-05,paid_social,UK,high,full_price,17,6,active,102.0,21.55
C4251,2025-06,referral,US,mid,discount,15,1,churned,15.0,15.82
C4252,2025-01,search,US,mid,full_price,17,10,active,182.0,22.59
C4253,2025-02,search,CA,mid,full_price,15,9,active,149.0,22.03
C4254,2025-03,referral,IN,high,discount,17,2,churned,25.5,8.46
C4255,2025-04,referral,IN,mid,discount,15,7,active,90.0,11.98
C4256,2025-05,paid_social,UK,mid,full_price,15,6,active,90.0,28.88
C4257,2025-06,paid_social,UK,mid,discount,13,4,churned,52.75,30.3
C4258,2025-01,paid_social,CA,mid,full_price,13,8,churned,92.5,33.01
C4259,2025-02,search,CA,low,full_price,13,8,churned,105.0,21.99
C4260,2025-03,paid_social,US,low,full_price,13,8,active,95.0,29.77
C4261,2025-04,paid_social,IN,low,full_price,13,7,active,99.0,29.96
C4262,2025-05,referral,UK,mid,full_price,15,6,active,104.0,16.46
C4263,2025-06,search,CA,mid,full_price,15,5,active,95.0,31.14
C4264,2025-01,search,IN,low,full_price,15,10,churned,172.25,20.44
C4265,2025-02,paid_social,IN,mid,discount,15,3,churned,49.25,22.07
C4266,2025-03,referral,UK,low,discount,13,6,churned,56.75,10.31
C4267,2025-04,referral,US,mid,discount,15,7,active,105.0,15.66
C4268,2025-05,referral,US,mid,full_price,15,3,churned,47.25,12.27
C4269,2025-06,search,CA,low,full_price,15,5,active,75.0,19.81
C4270,2025-01,search,IN,low,discount,13,10,active,144.0,17.6
C4271,2025-02,referral,IN,low,discount,15,9,active,128.0,13.05
C4272,2025-03,paid_social,IN,mid,full_price,13,8,active,110.0,33.33
C4273,2025-04,search,IN,mid,discount,15,7,active,119.0,25.42
C4274,2025-05,search,CA,high,full_price,15,6,active,102.0,20.15
C4275,2025-06,referral,IN,mid,discount,17,5,active,101.0,16.44
C4276,2025-01,search,US,low,discount,13,7,churned,84.0,30.49
C4277,2025-02,referral,IN,high,discount,15,4,churned,72.0,11.87
C4278,2025-03,paid_social,UK,mid,full_price,15,3,churned,49.0,33.21
C4279,2025-04,referral,IN,mid,discount,13,1,churned,9.75,10.06
C4280,2025-05,search,US,mid,full_price,13,6,active,78.0,19.69
C4281,2025-06,paid_social,IN,low,discount,15,5,active,91.0,29.64
C4282,2025-01,referral,UK,mid,discount,13,10,active,134.0,4.98
C4283,2025-02,paid_social,IN,low,discount,13,8,churned,114.0,24.25
C4284,2025-03,search,IN,high,full_price,15,8,active,124.0,23.84
C4285,2025-04,search,UK,mid,full_price,17,7,active,102.0,23.15
C4286,2025-05,search,IN,high,discount,15,6,active,104.0,19.32
C4287,2025-06,referral,UK,low,full_price,15,5,active,68.0,4.93
C4288,2025-01,referral,UK,low,full_price,13,10,active,133.0,8.96
C4289,2025-02,paid_social,IN,low,discount,15,5,churned,75.5,26.27
C4290,2025-03,referral,IN,mid,discount,13,1,churned,19.0,12.48
C4291,2025-04,paid_social,IN,low,discount,15,6,churned,108.0,30.19
C4292,2025-05,referral,IN,high,discount,17,3,churned,34.0,19.48
C4293,2025-06,search,US,high,full_price,17,5,active,72.0,20.07
C4294,2025-01,search,US,low,full_price,17,4,churned,68.0,24.15
C4295,2025-02,referral,US,high,full_price,17,9,active,166.0,10.78
C4296,2025-03,search,US,high,discount,15,5,churned,75.0,24.33
C4297,2025-04,search,IN,high,discount,17,6,churned,85.0,20.82
C4298,2025-05,paid_social,IN,mid,discount,17,6,active,102.0,34.17
C4299,2025-06,referral,UK,low,discount,13,4,churned,52.0,12.29
C4300,2025-01,search,US,low,discount,15,2,churned,30.0,24.52
C4301,2025-02,paid_social,US,mid,discount,17,2,churned,25.5,39.14
C4302,2025-03,search,US,high,discount,15,2,churned,26.5,16.37
C4303,2025-04,paid_social,CA,low,full_price,15,7,active,94.0,28.79
C4304,2025-05,paid_social,US,low,full_price,15,6,active,94.0,18.36
C4305,2025-06,paid_social,US,mid,full_price,15,5,active,79.0,36.33
C4306,2025-01,paid_social,US,low,discount,17,6,churned,102.0,31.13
C4307,2025-02,search,UK,low,discount,13,6,churned,78.0,22.05
C4308,2025-03,search,US,low,discount,13,2,churned,30.0,22.7
C4309,2025-04,referral,US,mid,discount,15,4,churned,60.0,6.0
C4310,2025-05,search,UK,high,full_price,17,6,active,93.0,21.92
C4311,2025-06,referral,UK,low,discount,13,4,churned,56.0,15.52
C4312,2025-01,paid_social,US,mid,full_price,13,10,active,125.0,35.97
C4313,2025-02,search,US,mid,full_price,15,4,churned,56.5,23.26
C4314,2025-03,search,IN,low,discount,13,8,active,91.0,20.17
C4315,2025-04,referral,UK,high,full_price,17,6,churned,110.0,11.58
C4316,2025-05,paid_social,IN,low,discount,13,1,churned,9.75,32.53
C4317,2025-06,referral,IN,high,discount,13,5,active,65.0,12.81
C4318,2025-01,search,CA,high,full_price,15,1,churned,11.25,26.51
C4319,2025-02,search,CA,mid,full_price,13,2,churned,26.75,25.47
C4320,2025-03,referral,IN,low,discount,13,3,churned,47.0,11.45
C4321,2025-04,referral,IN,low,discount,13,7,active,82.0,12.67
C4322,2025-05,search,CA,high,full_price,17,6,active,110.0,20.01
C4323,2025-06,referral,US,low,discount,15,2,churned,26.25,8.32
C4324,2025-01,search,US,high,full_price,17,6,churned,82.5,26.74
C4325,2025-02,paid_social,UK,mid,full_price,13,9,active,125.0,19.15
C4326,2025-03,referral,UK,low,discount,17,8,active,123.0,11.04
C4327,2025-04,search,US,low,full_price,13,7,active,99.0,23.5
C4328,2025-05,paid_social,CA,mid,full_price,15,6,active,75.0,22.47
C4329,2025-06,referral,UK,low,discount,15,3,churned,49.0,13.69
C4330,2025-01,referral,US,high,full_price,17,10,active,163.0,12.46
C4331,2025-02,referral,CA,mid,discount,17,9,active,161.0,6.66
C4332,2025-03,referral,UK,mid,discount,15,8,active,126.0,10.99
C4333,2025-04,referral,US,low,full_price,15,7,active,121.0,13.09
C4334,2025-05,paid_social,UK,low,full_price,13,6,active,86.0,30.87
C4335,2025-06,referral,IN,mid,full_price,15,5,active,75.0,8.6
C4336,2025-01,paid_social,CA,high,full_price,15,10,churned,160.25,23.45
C4337,2025-02,referral,CA,mid,discount,15,6,churned,89.0,12.83
C4338,2025-03,search,IN,mid,full_price,17,8,active,144.0,19.0
C4339,2025-04,referral,US,mid,discount,17,1,churned,12.75,11.53
C4340,2025-05,referral,UK,low,full_price,13,6,active,82.0,10.72
C4341,2025-06,paid_social,UK,high,full_price,15,5,active,85.0,35.2
C4342,2025-01,search,UK,mid,discount,17,1,churned,17.0,19.33
C4343,2025-02,referral,IN,mid,discount,13,1,churned,13.0,9.64
C4344,2025-03,paid_social,US,low,discount,17,7,churned,102.0,31.83
C4345,2025-04,search,UK,mid,full_price,13,2,churned,22.75,21.17
C4346,2025-05,referral,US,low,discount,13,6,churned,71.5,15.29
C4347,2025-06,referral,US,mid,full_price,15,5,active,81.0,17.44
C4348,2025-01,referral,US,low,discount,13,2,churned,26.0,13.65
C4349,2025-02,search,IN,low,discount,15,8,churned,134.0,21.31
C4350,2025-03,paid_social,IN,low,discount,13,3,churned,26.0,39.41
C4351,2025-04,search,UK,mid,full_price,15,7,active,104.0,28.51
C4352,2025-05,referral,US,mid,full_price,17,6,active,89.0,13.52
C4353,2025-06,paid_social,US,low,discount,13,5,active,73.0,28.09
C4354,2025-01,paid_social,CA,mid,discount,15,2,churned,38.0,39.21
C4355,2025-02,search,CA,mid,full_price,13,9,active,125.0,18.24
C4356,2025-03,search,CA,mid,full_price,15,8,active,119.0,10.55
C4357,2025-04,referral,US,mid,full_price,15,7,active,94.0,11.49
C4358,2025-05,paid_social,IN,low,discount,13,3,churned,32.5,18.12
C4359,2025-06,search,US,low,discount,17,3,churned,46.5,17.25
C4360,2025-01,search,US,mid,full_price,15,10,active,128.0,27.82
C4361,2025-02,search,IN,high,full_price,17,9,active,161.0,12.7
C4362,2025-03,paid_social,US,mid,full_price,17,8,active,106.0,31.27
C4363,2025-04,paid_social,CA,high,full_price,13,7,active,109.0,27.14
C4364,2025-05,paid_social,IN,low,discount,15,3,churned,45.0,31.1
C4365,2025-06,referral,US,high,full_price,13,5,active,65.0,9.3
C4366,2025-01,referral,UK,low,discount,13,1,churned,-3.25,11.91
C4367,2025-02,search,UK,mid,full_price,15,6,churned,90.5,25.5
C4368,2025-03,paid_social,CA,low,discount,15,4,churned,60.0,27.95
C4369,2025-04,paid_social,UK,low,discount,13,7,active,82.0,23.31
C4370,2025-05,referral,CA,low,full_price,13,6,active,81.0,11.66
C4371,2025-06,paid_social,UK,mid,full_price,15,5,active,68.0,29.22
C4372,2025-01,referral,US,mid,full_price,15,10,active,168.0,12.95
C4373,2025-02,search,UK,low,full_price,15,9,active,153.0,16.29
C4374,2025-03,referral,US,mid,discount,17,4,churned,67.5,12.3
C4375,2025-04,search,US,low,full_price,13,5,churned,73.0,18.5
C4376,2025-05,search,UK,low,full_price,13,6,active,77.0,20.72
C4377,2025-06,search,CA,mid,full_price,15,5,active,75.0,16.6
C4378,2025-01,paid_social,IN,high,discount,17,2,churned,29.75,31.02
C4379,2025-02,paid_social,US,low,discount,13,2,churned,26.0,28.15
C4380,2025-03,paid_social,US,mid,discount,15,2,churned,36.0,38.3
C4381,2025-04,referral,UK,low,full_price,15,3,churned,40.0,10.24
C4382,2025-05,referral,UK,low,discount,13,6,churned,84.0,16.35
C4383,2025-06,referral,IN,mid,discount,15,5,active,83.0,13.31
C4384,2025-01,referral,UK,low,discount,13,5,churned,71.0,6.34
C4385,2025-02,referral,CA,mid,discount,17,2,churned,34.0,8.13
C4386,2025-03,search,CA,high,full_price,15,8,active,105.0,13.73
C4387,2025-04,search,US,mid,full_price,15,7,active,111.0,23.72
C4388,2025-05,search,IN,high,full_price,17,6,active,118.0,22.69
C4389,2025-06,search,IN,mid,discount,15,4,churned,60.0,9.02
C4390,2025-01,referral,US,high,full_price,17,10,active,176.0,11.57
C4391,2025-02,search,UK,mid,full_price,13,9,active,117.0,18.99
C4392,2025-03,referral,IN,low,discount,13,3,churned,39.0,16.07
C4393,2025-04,paid_social,US,high,discount,15,3,churned,55.0,29.98
C4394,2025-05,search,US,mid,full_price,15,6,active,74.0,22.66
C4395,2025-06,paid_social,UK,low,full_price,13,4,churned,56.0,23.68
C4396,2025-01,paid_social,US,high,discount,17,1,churned,17.0,25.15
C4397,2025-02,paid_social,UK,mid,discount,15,3,churned,45.0,21.0
C4398,2025-03,paid_social,IN,mid,discount,17,3,churned,48.5,31.3
C4399,2025-04,paid_social,CA,mid,full_price,13,7,active,105.0,26.74
C4400,2025-05,search,CA,mid,full_price,15,6,active,96.0,24.55
C4401,2025-06,paid_social,UK,mid,full_price,17,5,active,85.0,27.61
C4402,2025-01,paid_social,IN,high,full_price,17,10,active,192.0,31.01
C4403,2025-02,search,US,mid,full_price,15,9,active,105.0,14.74
C4404,2025-03,search,US,mid,full_price,17,8,active,148.0,23.27
C4405,2025-04,search,US,high,full_price,17,7,active,102.0,19.87
C4406,2025-05,search,UK,mid,full_price,15,6,active,90.0,15.73
C4407,2025-06,referral,US,mid,discount,15,5,churned,60.25,11.15
C4408,2025-01,search,UK,high,full_price,17,10,active,163.0,20.39
C4409,2025-02,search,UK,mid,discount,15,6,churned,81.0,19.18
C4410,2025-03,search,IN,mid,full_price,15,8,active,132.0,28.23
C4411,2025-04,paid_social,US,mid,discount,13,5,churned,65.0,24.36
C4412,2025-05,referral,UK,mid,discount,15,2,churned,26.25,11.78
C4413,2025-06,referral,IN,mid,discount,15,5,active,89.0,10.99
C4414,2025-01,search,UK,mid,full_price,13,10,active,142.0,17.01
C4415,2025-02,paid_social,US,mid,discount,13,2,churned,26.0,24.02
C4416,2025-03,search,IN,low,full_price,13,2,churned,19.5,25.28
C4417,2025-04,referral,IN,low,discount,15,1,churned,11.25,16.14
C4418,2025-05,search,US,high,full_price,17,6,active,99.0,23.45
C4419,2025-06,search,US,low,discount,13,5,active,65.0,19.56
C4420,2025-01,referral,IN,low,discount,13,10,churned,138.75,14.88
C4421,2025-02,paid_social,US,high,full_price,15,3,churned,32.25,22.95
C4422,2025-03,referral,US,high,full_price,15,8,active,121.0,10.43
C4423,2025-04,search,UK,low,discount,13,5,churned,65.0,20.47
C4424,2025-05,search,IN,low,discount,13,2,churned,13.0,19.91
C4425,2025-06,referral,UK,high,discount,17,1,churned,12.75,13.33
C4426,2025-01,paid_social,CA,high,full_price,15,10,active,158.0,41.31
C4427,2025-02,search,CA,high,full_price,17,2,churned,12.75,21.17
C4428,2025-03,search,IN,low,discount,13,3,churned,39.0,29.88
C4429,2025-04,paid_social,CA,mid,full_price,15,7,active,117.0,24.3
C4430,2025-05,search,CA,high,full_price,13,6,active,73.0,23.61
C4431,2025-06,paid_social,IN,low,discount,13,5,active,52.0,35.06
C4432,2025-01,search,UK,mid,full_price,13,10,active,134.0,22.86
C4433,2025-02,paid_social,US,high,full_price,17,8,churned,135.5,35.06
C4434,2025-03,paid_social,UK,high,full_price,17,3,churned,51.0,32.52
C4435,2025-04,referral,US,mid,full_price,17,7,active,125.0,9.62
C4436,2025-05,paid_social,IN,low,discount,13,1,churned,13.0,26.09
C4437,2025-06,search,IN,mid,full_price,15,5,active,60.0,14.85
C4438,2025-01,referral,US,high,discount,15,7,churned,121.0,6.72
C4439,2025-02,referral,US,low,full_price,13,6,churned,90.0,11.29
C4440,2025-03,search,CA,high,full_price,15,8,active,123.0,30.22
C4441,2025-04,referral,IN,mid,discount,15,7,active,113.0,6.74
C4442,2025-05,referral,US,low,discount,13,6,active,65.0,10.41
C4443,2025-06,search,UK,mid,full_price,13,5,active,69.0,23.06
C4444,2025-01,search,US,high,full_price,17,10,churned,173.75,24.44
C4445,2025-02,search,UK,mid,full_price,15,9,active,141.0,26.35
C4446,2025-03,search,IN,mid,discount,17,4,churned,68.0,23.78
C4447,2025-04,paid_social,US,low,discount,13,2,churned,26.0,29.79
C4448,2025-05,paid_social,UK,mid,full_price,13,6,active,78.0,20.73
C4449,2025-06,referral,CA,mid,full_price,13,5,active,65.0,9.6
C4450,2025-01,paid_social,US,high,full_price,15,10,active,168.0,15.94
C4451,2025-02,search,UK,mid,full_price,17,5,churned,101.0,19.07
C4452,2025-03,referral,UK,high,discount,17,1,churned,23.0,10.75
C4453,2025-04,paid_social,US,mid,full_price,15,7,active,109.0,31.98
C4454,2025-05,search,US,low,full_price,13,1,churned,9.75,21.69
C4455,2025-06,referral,CA,mid,full_price,13,5,active,69.0,11.8
C4456,2025-01,search,UK,mid,full_price,17,10,active,163.0,24.37
C4457,2025-02,referral,CA,mid,full_price,15,9,active,142.0,9.24
C4458,2025-03,referral,UK,low,discount,15,5,churned,77.25,7.21
C4459,2025-04,paid_social,US,low,discount,13,5,churned,69.0,34.1
C4460,2025-05,paid_social,CA,high,full_price,15,6,active,85.0,37.69
C4461,2025-06,search,IN,low,discount,17,4,churned,74.0,26.79
C4462,2025-01,paid_social,UK,low,full_price,15,10,active,156.0,33.69
C4463,2025-02,paid_social,CA,low,discount,13,3,churned,26.0,31.31
C4464,2025-03,referral,US,high,full_price,17,8,active,152.0,9.25
C4465,2025-04,paid_social,UK,mid,full_price,15,7,churned,109.0,33.24
C4466,2025-05,referral,IN,mid,discount,13,6,active,84.0,11.62
C4467,2025-06,referral,US,mid,full_price,15,5,active,81.0,14.08
C4468,2025-01,search,UK,mid,full_price,17,10,active,170.0,25.36
C4469,2025-02,search,CA,high,full_price,15,1,churned,7.5,25.53
C4470,2025-03,search,UK,low,discount,15,2,churned,30.0,30.72
C4471,2025-04,referral,UK,mid,full_price,15,7,active,111.0,7.35
C4472,2025-05,paid_social,US,mid,full_price,15,6,active,100.0,30.68
C4473,2025-06,search,UK,mid,discount,15,2,churned,30.0,20.61
C4474,2025-01,paid_social,UK,low,discount,15,1,churned,7.5,39.72
C4475,2025-02,paid_social,IN,mid,full_price,15,9,active,136.0,33.78
C4476,2025-03,search,UK,mid,full_price,13,8,active,112.0,23.14
C4477,2025-04,paid_social,US,high,discount,17,7,active,123.0,10.7
C4478,2025-05,search,IN,mid,full_price,15,6,active,102.0,14.08
C4479,2025-06,paid_social,UK,low,full_price,15,5,active,75.0,32.11
C4480,2025-01,paid_social,UK,low,discount,15,5,churned,89.0,42.2
C4481,2025-02,search,IN,low,full_price,13,9,active,127.0,20.31
C4482,2025-03,paid_social,US,mid,full_price,17,6,churned,82.5,25.19
C4483,2025-04,paid_social,US,low,discount,13,5,churned,75.75,23.53
C4484,2025-05,paid_social,CA,mid,full_price,13,6,active,52.0,20.97
C4485,2025-06,referral,IN,mid,discount,17,5,active,91.0,9.23
C4486,2025-01,search,UK,mid,full_price,13,8,churned,112.0,26.99
C4487,2025-02,referral,IN,low,discount,13,4,churned,52.0,9.82
C4488,2025-03,paid_social,UK,mid,full_price,17,4,churned,68.0,35.36
C4489,2025-04,paid_social,UK,low,discount,13,5,churned,77.0,33.07
C4490,2025-05,paid_social,CA,low,discount,13,1,churned,6.5,28.53
C4491,2025-06,paid_social,UK,mid,full_price,15,5,active,75.0,23.69
C4492,2025-01,referral,IN,low,discount,13,2,churned,26.0,13.62
C4493,2025-02,paid_social,IN,mid,discount,15,5,churned,68.0,17.01
C4494,2025-03,search,US,mid,full_price,15,5,churned,67.5,35.55
C4495,2025-04,paid_social,UK,high,full_price,17,7,active,127.0,33.43
C4496,2025-05,paid_social,UK,mid,full_price,17,6,active,106.0,27.4
C4497,2025-06,referral,US,mid,full_price,13,3,churned,26.0,11.85
C4498,2025-01,paid_social,IN,low,discount,13,4,churned,39.0,33.04
C4499,2025-02,referral,UK,mid,discount,17,7,churned,116.5,10.2
C4500,2025-03,search,UK,mid,full_price,15,8,active,140.0,13.9
C4501,2025-04,search,CA,high,full_price,17,7,active,131.0,18.2
C4502,2025-05,paid_social,CA,low,full_price,13,4,churned,45.5,35.86
C4503,2025-06,paid_social,IN,mid,discount,17,3,churned,51.0,27.47
C4504,2025-01,search,US,low,discount,13,8,churned,112.0,22.9
C4505,2025-02,referral,UK,high,discount,17,6,churned,102.0,15.04
C4506,2025-03,search,UK,high,full_price,13,8,churned,108.0,26.28
C4507,2025-04,search,US,low,discount,15,7,active,111.0,21.62
C4508,2025-05,paid_social,US,low,full_price,13,6,active,86.0,14.62
C4509,2025-06,paid_social,US,low,discount,13,3,churned,19.5,27.76
C4510,2025-01,referral,IN,mid,discount,15,10,active,135.0,9.86
C4511,2025-02,paid_social,US,low,discount,13,4,churned,58.75,39.28
C4512,2025-03,search,US,low,full_price,15,8,active,132.0,14.96
C4513,2025-04,paid_social,UK,high,full_price,17,4,churned,59.5,34.34
C4514,2025-05,paid_social,UK,high,full_price,17,6,active,114.0,38.16
C4515,2025-06,paid_social,CA,low,full_price,13,5,churned,70.5,28.27
C4516,2025-01,search,US,mid,full_price,15,10,active,150.0,19.47
C4517,2025-02,referral,CA,mid,full_price,15,9,active,135.0,12.16
C4518,2025-03,search,US,low,full_price,13,8,active,112.0,19.42
C4519,2025-04,paid_social,US,low,discount,13,4,churned,48.75,32.77
C4520,2025-05,referral,CA,high,full_price,15,6,active,104.0,12.86
C4521,2025-06,referral,UK,low,discount,17,5,churned,76.5,11.34
C4522,2025-01,search,US,low,full_price,13,10,active,105.0,24.07
C4523,2025-02,referral,US,mid,discount,13,3,churned,26.0,9.1
C4524,2025-03,search,US,mid,full_price,17,8,active,123.0,19.19
C4525,2025-04,paid_social,US,mid,full_price,17,7,active,131.0,22.99
C4526,2025-05,search,CA,low,full_price,13,6,active,84.0,25.64
C4527,2025-06,paid_social,UK,mid,full_price,15,5,active,80.0,27.58
C4528,2025-01,search,CA,low,full_price,13,10,active,142.0,21.19
C4529,2025-02,paid_social,CA,low,full_price,13,9,active,118.0,27.45
C4530,2025-03,search,UK,low,full_price,17,8,active,152.0,16.79
C4531,2025-04,referral,IN,mid,discount,13,1,churned,6.5,10.83
C4532,2025-05,referral,US,mid,full_price,15,6,active,90.0,8.42
C4533,2025-06,search,UK,mid,full_price,15,5,active,75.0,18.71
C4534,2025-01,referral,IN,low,discount,17,1,churned,23.0,5.68
C4535,2025-02,paid_social,IN,mid,discount,17,9,active,161.0,31.31
C4536,2025-03,paid_social,IN,low,discount,13,1,churned,17.0,26.86
C4537,2025-04,referral,IN,mid,discount,15,1,churned,15.0,8.88
C4538,2025-05,paid_social,US,low,discount,13,1,churned,6.5,25.67
C4539,2025-06,search,UK,low,discount,13,5,active,62.0,25.34
C4540,2025-01,paid_social,US,low,discount,17,3,churned,55.0,20.1
C4541,2025-02,referral,UK,high,full_price,17,9,active,173.0,11.01
C4542,2025-03,paid_social,CA,low,discount,13,2,churned,32.0,35.4
C4543,2025-04,search,IN,low,discount,13,2,churned,29.5,15.88
C4544,2025-05,search,UK,high,full_price,17,6,active,102.0,22.87
C4545,2025-06,paid_social,US,mid,full_price,15,5,active,83.0,26.58
C4546,2025-01,referral,US,high,discount,15,10,active,164.0,13.44
C4547,2025-02,search,UK,high,full_price,17,9,active,169.0,22.56
C4548,2025-03,paid_social,UK,mid,full_price,17,8,churned,123.0,12.96
C4549,2025-04,search,US,low,discount,13,1,churned,0.0,14.73
C4550,2025-05,paid_social,US,high,discount,17,3,churned,51.0,46.52
C4551,2025-06,paid_social,US,mid,full_price,13,5,active,69.0,31.66
C4552,2025-01,paid_social,US,mid,full_price,15,10,active,154.0,32.34
C4553,2025-02,search,US,low,full_price,13,9,active,125.0,26.15
C4554,2025-03,paid_social,IN,low,discount,17,2,churned,40.0,26.21
C4555,2025-04,search,CA,high,full_price,15,3,churned,49.0,25.42
C4556,2025-05,paid_social,US,high,full_price,15,6,active,60.0,18.05
C4557,2025-06,search,US,low,full_price,13,5,active,65.0,31.14
C4558,2025-01,paid_social,IN,mid,full_price,15,10,active,143.0,28.84
C4559,2025-02,referral,IN,low,discount,13,4,churned,56.75,6.77
C4560,2025-03,referral,IN,low,discount,15,7,churned,117.0,11.16
C4561,2025-04,paid_social,US,mid,full_price,15,7,active,123.0,28.41
C4562,2025-05,search,US,mid,discount,13,1,churned,9.75,23.8
C4563,2025-06,paid_social,US,mid,full_price,15,5,active,79.0,35.36
C4564,2025-01,paid_social,UK,mid,full_price,15,3,churned,49.0,24.89
C4565,2025-02,paid_social,US,mid,discount,15,1,churned,15.0,18.66
C4566,2025-03,search,CA,high,full_price,17,8,active,142.0,18.61
C4567,2025-04,referral,US,high,full_price,15,7,active,94.0,15.0
C4568,2025-05,referral,UK,high,full_price,17,5,churned,84.75,11.1
C4569,2025-06,referral,CA,low,discount,13,3,churned,32.5,12.54
C4570,2025-01,referral,US,mid,discount,15,1,churned,15.0,13.5
C4571,2025-02,paid_social,US,high,full_price,15,9,active,147.0,23.88
C4572,2025-03,paid_social,CA,mid,discount,15,6,churned,94.0,24.9
C4573,2025-04,search,CA,low,full_price,13,7,active,107.0,23.45
C4574,2025-05,paid_social,US,high,full_price,17,6,active,102.0,30.7
C4575,2025-06,referral,US,mid,full_price,17,5,active,93.0,10.47
C4576,2025-01,search,UK,mid,discount,17,8,churned,140.0,20.32
C4577,2025-02,referral,US,mid,full_price,15,9,active,135.0,9.88
C4578,2025-03,paid_social,US,mid,full_price,15,8,active,134.0,25.57
C4579,2025-04,search,CA,high,full_price,17,7,active,119.0,20.42
C4580,2025-05,search,UK,low,full_price,15,6,active,94.0,27.07
C4581,2025-06,search,UK,mid,full_price,13,5,active,75.0,26.4
C4582,2025-01,paid_social,US,low,full_price,15,10,active,153.0,32.56
C4583,2025-02,paid_social,UK,mid,full_price,15,2,churned,30.0,13.77
C4584,2025-03,paid_social,CA,low,full_price,15,3,churned,45.0,31.92
C4585,2025-04,referral,IN,low,discount,13,5,churned,65.0,12.98
C4586,2025-05,referral,UK,high,full_price,17,6,active,93.0,16.61
C4587,2025-06,paid_social,IN,low,discount,15,4,churned,57.0,24.68
C4588,2025-01,referral,US,high,full_price,17,2,churned,34.0,7.7
C4589,2025-02,search,CA,high,full_price,15,9,active,126.0,23.52
C4590,2025-03,referral,UK,low,discount,13,8,active,120.0,11.63
C4591,2025-04,paid_social,UK,mid,full_price,15,7,active,113.0,29.93
C4592,2025-05,referral,IN,low,discount,13,2,churned,26.0,14.5
C4593,2025-06,paid_social,IN,low,discount,13,3,churned,43.0,25.72
C4594,2025-01,search,IN,mid,full_price,15,9,churned,120.5,21.12
C4595,2025-02,search,IN,low,discount,13,1,churned,6.5,19.56
C4596,2025-03,search,IN,mid,discount,15,5,churned,60.0,20.3
C4597,2025-04,search,CA,low,full_price,13,7,active,105.0,16.27
C4598,2025-05,referral,US,high,full_price,15,6,active,79.0,17.82
C4599,2025-06,referral,IN,low,discount,15,3,churned,41.25,6.43
C4600,2025-01,paid_social,US,low,discount,13,5,churned,66.5,37.97
C4601,2025-02,search,US,high,full_price,17,2,churned,38.0,17.44
C4602,2025-03,referral,UK,low,full_price,15,8,active,124.0,11.39
C4603,2025-04,paid_social,UK,high,discount,17,1,churned,17.0,12.8
C4604,2025-05,paid_social,IN,low,discount,17,6,active,85.0,22.4
C4605,2025-06,search,US,mid,full_price,15,5,active,79.0,19.45
C4606,2025-01,search,UK,low,full_price,13,10,active,91.0,18.85
C4607,2025-02,search,UK,mid,full_price,15,9,active,155.0,18.57
C4608,2025-03,search,IN,low,discount,17,6,churned,108.0,22.36
C4609,2025-04,search,CA,mid,discount,15,2,churned,36.0,20.35
C4610,2025-05,paid_social,IN,high,full_price,15,6,active,98.0,33.27
C4611,2025-06,paid_social,UK,low,discount,13,5,active,73.0,25.19
C4612,2025-01,search,IN,high,discount,15,8,churned,113.0,20.82
C4613,2025-02,paid_social,CA,low,discount,13,8,churned,113.5,18.19
C4614,2025-03,paid_social,US,mid,discount,15,2,churned,30.0,28.0
C4615,2025-04,search,UK,high,discount,17,5,churned,68.0,23.26
C4616,2025-05,referral,US,high,discount,17,2,churned,33.75,5.66
C4617,2025-06,referral,IN,low,discount,13,4,churned,45.0,7.75
C4618,2025-01,referral,US,high,discount,17,10,active,188.0,15.8
C4619,2025-02,referral,UK,high,discount,17,4,churned,51.0,5.08
C4620,2025-03,paid_social,US,low,full_price,13,6,churned,98.0,30.95
C4621,2025-04,referral,UK,mid,discount,17,1,churned,16.5,7.98
C4622,2025-05,paid_social,CA,high,full_price,17,6,active,114.0,31.59
C4623,2025-06,paid_social,IN,low,discount,13,5,active,52.0,24.01
C4624,2025-01,referral,IN,low,discount,13,3,churned,39.0,12.52
C4625,2025-02,search,IN,mid,discount,15,2,churned,15.0,12.86
C4626,2025-03,referral,US,high,discount,17,2,churned,17.0,12.4
C4627,2025-04,referral,IN,low,discount,13,1,churned,13.0,13.62
C4628,2025-05,paid_social,US,low,discount,15,1,churned,11.25,29.26
C4629,2025-06,referral,US,low,full_price,13,5,active,73.0,9.42
C4630,2025-01,paid_social,IN,low,discount,15,3,churned,45.0,12.75
C4631,2025-02,referral,US,low,discount,13,2,churned,19.5,8.5
C4632,2025-03,search,UK,mid,full_price,15,6,churned,92.25,12.06
C4633,2025-04,paid_social,CA,mid,discount,15,4,churned,45.0,21.52
C4634,2025-05,search,UK,high,full_price,15,6,active,94.0,23.37
C4635,2025-06,paid_social,UK,mid,discount,13,2,churned,13.0,23.32
C4636,2025-01,paid_social,CA,mid,discount,15,10,churned,158.25,40.8
C4637,2025-02,paid_social,IN,low,discount,13,6,churned,78.0,21.79
C4638,2025-03,search,US,low,full_price,13,5,churned,65.0,20.17
C4639,2025-04,referral,US,low,discount,13,3,churned,26.0,12.68
C4640,2025-05,search,UK,high,discount,15,6,active,83.0,25.14
C4641,2025-06,paid_social,US,mid,full_price,15,5,active,75.0,28.05
C4642,2025-01,referral,CA,high,full_price,15,10,active,164.0,7.58
C4643,2025-02,referral,IN,low,discount,17,6,churned,97.75,10.27
C4644,2025-03,search,UK,high,full_price,17,1,churned,8.5,36.95
C4645,2025-04,paid_social,US,mid,full_price,15,7,active,113.0,39.81
C4646,2025-05,search,US,low,full_price,13,6,active,90.0,19.33
C4647,2025-06,paid_social,US,mid,discount,15,5,active,72.0,33.22
C4648,2025-01,search,IN,mid,discount,15,3,churned,37.5,27.11
C4649,2025-02,paid_social,US,low,full_price,13,9,active,125.0,21.54
C4650,2025-03,paid_social,US,low,full_price,13,5,churned,65.0,23.6
C4651,2025-04,paid_social,UK,mid,discount,13,7,active,82.0,38.12
C4652,2025-05,paid_social,UK,high,discount,17,3,churned,51.0,21.34
C4653,2025-06,referral,UK,mid,discount,15,5,active,60.0,7.38
C4654,2025-01,referral,IN,mid,full_price,15,10,active,156.0,9.13
C4655,2025-02,paid_social,UK,mid,full_price,15,9,active,120.0,31.95
C4656,2025-03,search,IN,mid,full_price,13,8,active,112.0,23.37
C4657,2025-04,paid_social,US,mid,full_price,15,7,active,113.0,29.55
C4658,2025-05,search,US,low,discount,13,3,churned,39.0,21.29
C4659,2025-06,paid_social,US,low,full_price,17,5,active,89.0,30.37
C4660,2025-01,search,US,mid,full_price,17,10,active,178.0,22.17
C4661,2025-02,paid_social,US,mid,discount,13,6,churned,69.0,26.94
C4662,2025-03,search,US,mid,full_price,13,8,active,108.0,25.34
C4663,2025-04,search,US,low,discount,15,7,active,102.0,18.79
C4664,2025-05,search,CA,high,full_price,17,6,active,110.0,15.31
C4665,2025-06,paid_social,IN,low,discount,17,2,churned,35.75,23.21
C4666,2025-01,search,IN,mid,discount,15,2,churned,34.0,13.51
C4667,2025-02,paid_social,IN,low,discount,17,4,churned,67.75,19.7
C4668,2025-03,referral,US,high,full_price,17,8,active,136.0,15.58
C4669,2025-04,referral,IN,mid,discount,15,7,churned,113.0,10.4
C4670,2025-05,paid_social,US,high,full_price,15,6,active,83.0,40.03
C4671,2025-06,referral,CA,high,full_price,17,5,active,68.0,18.57
C4672,2025-01,search,US,mid,full_price,13,10,active,138.0,20.04
C4673,2025-02,referral,UK,low,discount,15,4,churned,56.5,14.87
C4674,2025-03,search,US,high,full_price,17,8,churned,108.0,27.21
C4675,2025-04,referral,UK,mid,full_price,13,7,active,103.0,11.94
C4676,2025-05,referral,UK,high,full_price,17,6,active,102.0,8.55
C4677,2025-06,paid_social,UK,high,discount,15,5,churned,81.0,23.46
C4678,2025-01,referral,UK,low,discount,13,8,churned,122.0,11.74
C4679,2025-02,paid_social,UK,mid,discount,17,4,churned,68.0,25.72
C4680,2025-03,paid_social,US,high,full_price,15,8,active,125.0,17.03
C4681,2025-04,paid_social,IN,mid,full_price,13,3,churned,35.75,33.06
C4682,2025-05,paid_social,CA,low,full_price,13,3,churned,47.0,28.98
C4683,2025-06,referral,IN,high,discount,17,2,churned,25.5,17.59
C4684,2025-01,search,IN,mid,full_price,15,10,churned,141.0,22.64
C4685,2025-02,search,US,mid,full_price,15,9,active,147.0,24.9
C4686,2025-03,paid_social,IN,low,discount,13,1,churned,21.0,25.24
C4687,2025-04,referral,US,low,discount,13,1,churned,13.0,9.09
C4688,2025-05,paid_social,US,mid,discount,15,4,churned,64.0,34.5
C4689,2025-06,paid_social,IN,low,full_price,13,5,active,79.0,34.48
C4690,2025-01,referral,UK,low,discount,15,1,churned,11.25,8.32
C4691,2025-02,referral,UK,mid,full_price,17,9,active,159.0,12.18
C4692,2025-03,referral,UK,mid,discount,15,4,churned,60.0,10.03
C4693,2025-04,paid_social,US,low,discount,13,1,churned,13.0,32.8
C4694,2025-05,referral,US,low,full_price,17,6,active,93.0,15.84
C4695,2025-06,referral,UK,low,discount,15,2,churned,36.0,11.14
C4696,2025-01,referral,UK,mid,discount,15,7,churned,105.0,11.04
C4697,2025-02,search,IN,mid,discount,15,8,churned,113.5,27.98
C4698,2025-03,paid_social,US,high,full_price,17,8,active,136.0,33.35
C4699,2025-04,search,US,low,discount,15,6,churned,60.0,27.29
C4700,2025-05,referral,IN,mid,discount,15,5,churned,75.0,17.03
C4701,2025-06,search,US,mid,discount,13,2,churned,26.0,25.14
C4702,2025-01,paid_social,US,mid,full_price,15,10,active,141.0,29.65
C4703,2025-02,referral,CA,mid,full_price,15,9,active,135.0,7.31
C4704,2025-03,search,US,mid,discount,15,5,churned,85.0,20.96
C4705,2025-04,referral,US,mid,full_price,15,2,churned,15.0,10.68
C4706,2025-05,search,IN,mid,discount,13,1,churned,19.0,23.23
C4707,2025-06,referral,IN,mid,full_price,15,5,active,81.0,9.36
C4708,2025-01,referral,US,low,discount,15,3,churned,45.0,4.0
C4709,2025-02,paid_social,UK,mid,full_price,15,9,active,128.0,29.21
C4710,2025-03,paid_social,US,mid,discount,15,2,churned,11.25,35.73
C4711,2025-04,referral,UK,mid,discount,13,7,active,88.0,15.39
C4712,2025-05,referral,CA,low,discount,13,2,churned,30.0,11.03
C4713,2025-06,referral,CA,high,discount,15,3,churned,30.0,11.34
C4714,2025-01,search,UK,high,full_price,15,10,active,149.0,24.12
C4715,2025-02,referral,IN,mid,discount,17,4,churned,68.0,12.34
C4716,2025-03,referral,US,low,discount,13,1,churned,13.0,10.16
C4717,2025-04,referral,IN,low,discount,13,7,active,82.0,15.08
C4718,2025-05,referral,IN,mid,discount,17,1,churned,21.0,7.42
C4719,2025-06,paid_social,US,mid,full_price,17,5,active,85.0,32.83
C4720,2025-01,search,UK,mid,discount,17,6,churned,93.5,19.92
C4721,2025-02,search,CA,high,full_price,15,9,active,153.0,26.69
C4722,2025-03,paid_social,UK,mid,full_price,13,8,active,112.0,38.46
C4723,2025-04,search,US,mid,full_price,15,7,active,100.0,21.08
C4724,2025-05,paid_social,UK,high,full_price,17,6,active,102.0,28.64
C4725,2025-06,search,US,low,discount,13,5,active,56.0,17.23
C4726,2025-01,paid_social,US,mid,full_price,17,7,churned,131.0,31.26
C4727,2025-02,referral,CA,low,full_price,13,9,active,117.0,12.35
C4728,2025-03,referral,UK,mid,full_price,17,8,active,131.0,6.93
C4729,2025-04,search,UK,low,full_price,13,7,active,97.0,14.57
C4730,2025-05,paid_social,US,high,discount,15,1,churned,11.5,26.65
C4731,2025-06,paid_social,CA,low,full_price,13,5,active,69.0,13.77
C4732,2025-01,search,US,mid,full_price,15,10,active,162.0,15.85
C4733,2025-02,referral,IN,high,discount,15,7,churned,64.0,10.72
C4734,2025-03,referral,IN,low,discount,15,2,churned,38.0,12.68
C4735,2025-04,paid_social,US,low,full_price,13,7,active,91.0,30.05
C4736,2025-05,search,UK,low,full_price,13,6,active,92.0,18.19
C4737,2025-06,referral,UK,mid,discount,17,5,active,93.0,16.7
C4738,2025-01,search,CA,mid,full_price,17,2,churned,17.0,23.25
C4739,2025-02,referral,US,low,discount,13,7,churned,67.75,8.97
C4740,2025-03,search,CA,mid,full_price,15,4,churned,60.5,24.02
C4741,2025-04,referral,UK,high,full_price,17,7,active,123.0,11.93
C4742,2025-05,referral,CA,mid,full_price,15,3,churned,45.0,10.65
C4743,2025-06,paid_social,US,low,discount,13,4,churned,60.0,26.34
C4744,2025-01,search,CA,high,full_price,17,10,active,167.0,22.63
C4745,2025-02,paid_social,CA,high,full_price,17,1,churned,23.0,28.01
C4746,2025-03,referral,UK,low,full_price,13,8,active,95.0,9.42
C4747,2025-04,referral,UK,low,discount,13,3,churned,39.0,9.8
C4748,2025-05,search,US,high,full_price,17,6,churned,110.0,19.72
C4749,2025-06,paid_social,US,high,discount,15,5,active,81.0,20.0
C4750,2025-01,search,UK,high,full_price,17,10,active,153.0,22.71
C4751,2025-02,paid_social,UK,mid,discount,15,8,churned,126.0,30.18
C4752,2025-03,paid_social,CA,low,discount,13,1,churned,13.0,22.98
C4753,2025-04,search,US,mid,full_price,13,7,churned,86.0,25.4
C4754,2025-05,paid_social,IN,low,discount,13,2,churned,17.0,27.51
C4755,2025-06,search,UK,low,discount,13,5,active,73.0,29.26
C4756,2025-01,search,CA,mid,full_price,15,10,active,166.0,24.13
C4757,2025-02,referral,US,low,discount,15,1,churned,15.0,12.25
C4758,2025-03,search,UK,low,full_price,15,8,active,124.0,25.0
C4759,2025-04,paid_social,US,low,full_price,13,7,active,90.0,36.47
C4760,2025-05,referral,US,low,full_price,13,6,active,92.0,6.37
C4761,2025-06,search,UK,low,full_price,13,5,active,69.0,23.04
C4762,2025-01,search,US,high,full_price,15,10,active,162.0,16.2
C4763,2025-02,paid_social,IN,low,full_price,15,9,active,126.0,27.95
C4764,2025-03,referral,UK,low,discount,13,2,churned,34.0,13.01
C4765,2025-04,search,UK,low,discount,13,2,churned,13.0,19.06
C4766,2025-05,paid_social,US,high,full_price,17,6,active,110.0,30.4
C4767,2025-06,referral,UK,low,discount,15,5,active,75.0,6.07
C4768,2025-01,referral,IN,mid,discount,15,4,churned,60.0,10.58
C4769,2025-02,referral,UK,mid,discount,13,7,churned,77.5,13.01
C4770,2025-03,paid_social,UK,mid,full_price,17,8,active,144.0,27.62
C4771,2025-04,search,CA,high,full_price,17,2,churned,34.0,14.08
C4772,2025-05,paid_social,UK,high,full_price,17,6,active,108.0,36.17
C4773,2025-06,referral,US,low,discount,13,4,churned,39.0,11.66
C4774,2025-01,paid_social,US,mid,full_price,15,10,active,140.0,34.93
C4775,2025-02,paid_social,IN,low,discount,13,1,churned,21.0,23.14
C4776,2025-03,paid_social,US,mid,full_price,15,1,churned,0.0,7.4
C4777,2025-04,referral,US,low,discount,15,7,active,94.0,8.61
C4778,2025-05,referral,US,mid,full_price,15,6,active,68.0,9.6
C4779,2025-06,referral,IN,high,discount,17,3,churned,42.5,10.18
C4780,2025-01,search,UK,high,full_price,17,10,active,169.0,18.92
C4781,2025-02,paid_social,CA,low,full_price,15,9,active,155.0,36.88
C4782,2025-03,search,IN,low,discount,13,1,churned,13.0,18.92
C4783,2025-04,search,US,low,full_price,15,7,active,105.0,20.58
C4784,2025-05,referral,US,high,discount,15,1,churned,15.0,6.75
C4785,2025-06,paid_social,IN,mid,discount,13,2,churned,26.0,36.72
C4786,2025-01,search,US,high,full_price,17,10,active,194.0,27.42
C4787,2025-02,paid_social,US,high,discount,17,2,churned,38.0,19.49
C4788,2025-03,paid_social,US,mid,discount,15,2,churned,30.0,27.89
C4789,2025-04,paid_social,UK,mid,full_price,17,7,active,119.0,19.95
C4790,2025-05,search,UK,high,discount,17,5,churned,93.0,23.12
C4791,2025-06,paid_social,IN,low,discount,13,1,churned,13.0,28.97
C4792,2025-01,referral,CA,low,discount,15,6,churned,90.0,15.13
C4793,2025-02,paid_social,US,high,full_price,17,9,active,136.0,21.89
C4794,2025-03,paid_social,IN,mid,discount,15,3,churned,30.0,27.91
C4795,2025-04,referral,US,low,full_price,13,7,active,91.0,14.49
C4796,2025-05,referral,CA,low,discount,13,4,churned,56.75,5.52
C4797,2025-06,referral,US,low,discount,13,5,active,65.0,9.9
C4798,2025-01,paid_social,US,low,discount,13,3,churned,45.0,25.91
C4799,2025-02,search,US,low,full_price,15,9,active,132.0,25.14
C4800,2025-03,paid_social,IN,low,discount,13,5,churned,64.5,28.1
C4801,2025-04,search,US,mid,full_price,13,7,active,99.0,19.94
C4802,2025-05,referral,US,low,discount,13,1,churned,0.0,7.78
C4803,2025-06,referral,US,mid,discount,17,2,churned,34.0,11.86
C4804,2025-01,paid_social,IN,low,discount,17,4,churned,67.75,34.0
C4805,2025-02,paid_social,US,high,full_price,15,9,active,124.0,21.42
C4806,2025-03,referral,IN,low,discount,13,4,churned,47.0,8.64
C4807,2025-04,paid_social,UK,low,full_price,13,7,active,95.0,28.81
C4808,2025-05,search,US,high,full_price,17,6,active,108.0,24.77
C4809,2025-06,referral,UK,low,discount,13,5,active,73.0,11.89
C4810,2025-01,referral,CA,mid,discount,15,5,churned,67.5,14.69
C4811,2025-02,referral,UK,mid,discount,15,2,churned,26.25,10.19
C4812,2025-03,paid_social,US,high,full_price,13,8,active,116.0,36.21
C4813,2025-04,referral,US,mid,discount,15,3,churned,51.0,11.88
C4814,2025-05,referral,US,mid,discount,17,6,active,106.0,12.5
C4815,2025-06,referral,UK,low,full_price,13,5,active,77.0,11.28
C4816,2025-01,paid_social,CA,low,full_price,13,10,active,142.0,34.05
C4817,2025-02,search,CA,high,full_price,15,3,churned,45.0,22.94
C4818,2025-03,search,US,high,full_price,17,8,active,123.0,26.46
C4819,2025-04,referral,US,low,full_price,15,7,active,90.0,11.58
C4820,2025-05,referral,US,high,full_price,17,6,active,99.0,8.42
C4821,2025-06,search,US,high,full_price,17,5,active,101.0,24.54
C4822,2025-01,paid_social,IN,high,full_price,17,10,active,186.0,27.55
C4823,2025-02,search,US,high,full_price,15,9,active,117.0,9.55
C4824,2025-03,referral,US,low,discount,13,2,churned,26.0,10.1
C4825,2025-04,search,IN,mid,full_price,13,2,churned,22.75,25.66
C4826,2025-05,referral,US,mid,full_price,15,4,churned,72.0,7.36
C4827,2025-06,paid_social,IN,high,full_price,17,5,active,93.0,26.72
C4828,2025-01,referral,US,high,discount,15,2,churned,38.0,11.15
C4829,2025-02,paid_social,UK,low,discount,13,2,churned,30.0,27.56
C4830,2025-03,paid_social,CA,mid,discount,15,3,churned,45.5,28.82
C4831,2025-04,paid_social,US,low,full_price,13,7,active,90.0,30.45
C4832,2025-05,referral,UK,low,discount,13,4,churned,58.0,14.56
C4833,2025-06,referral,UK,low,discount,13,2,churned,26.0,13.47
C4834,2025-01,paid_social,US,low,full_price,13,10,active,140.0,31.07
C4835,2025-02,referral,UK,mid,discount,15,9,active,149.0,10.91
C4836,2025-03,referral,US,low,discount,13,8,active,110.0,14.25
C4837,2025-04,search,US,low,discount,15,2,churned,26.25,19.66
C4838,2025-05,paid_social,CA,mid,full_price,15,6,active,96.0,31.77
C4839,2025-06,referral,CA,high,discount,15,5,active,75.0,16.05
C4840,2025-01,paid_social,US,mid,full_price,15,10,active,170.0,24.95
C4841,2025-02,paid_social,IN,low,discount,13,8,churned,95.0,26.82
C4842,2025-03,search,CA,low,full_price,13,7,churned,103.0,19.36
C4843,2025-04,search,US,high,full_price,15,7,active,105.0,31.99
C4844,2025-05,paid_social,US,low,discount,13,3,churned,41.75,20.72
C4845,2025-06,search,UK,mid,discount,15,5,active,75.0,20.75
C4846,2025-01,referral,US,low,discount,13,10,active,155.0,11.05
C4847,2025-02,search,UK,low,discount,13,9,active,123.0,24.32
C4848,2025-03,search,US,mid,full_price,15,8,active,130.0,20.57
C4849,2025-04,paid_social,IN,mid,discount,15,2,churned,30.0,50.87
C4850,2025-05,search,US,high,full_price,17,4,churned,78.0,24.54
C4851,2025-06,search,US,low,discount,13,5,active,73.0,22.88
C4852,2025-01,referral,US,high,full_price,17,10,active,165.0,11.57
C4853,2025-02,search,US,mid,full_price,13,9,active,114.0,23.35
C4854,2025-03,paid_social,UK,low,full_price,15,8,active,109.0,39.9
C4855,2025-04,search,CA,low,discount,15,4,churned,68.0,16.57
C4856,2025-05,paid_social,US,low,full_price,13,6,active,71.0,29.46
C4857,2025-06,search,UK,low,full_price,15,5,active,87.0,14.53
C4858,2025-01,paid_social,UK,mid,full_price,13,10,churned,146.0,17.76
C4859,2025-02,referral,US,high,discount,15,9,active,139.0,19.07
C4860,2025-03,referral,IN,low,discount,13,4,churned,52.0,12.51
C4861,2025-04,referral,CA,high,discount,17,1,churned,12.75,17.98
C4862,2025-05,search,UK,low,full_price,13,6,active,82.0,24.43
C4863,2025-06,paid_social,US,high,discount,17,1,churned,17.0,28.26
C4864,2025-01,paid_social,IN,low,discount,13,9,churned,133.0,25.26
C4865,2025-02,search,CA,mid,full_price,17,9,active,140.0,20.67
C4866,2025-03,referral,IN,mid,discount,17,1,churned,12.75,10.46
C4867,2025-04,paid_social,IN,low,discount,15,7,active,105.0,33.32
C4868,2025-05,paid_social,UK,high,full_price,17,5,churned,97.0,13.19
C4869,2025-06,search,US,low,full_price,13,5,active,69.0,19.56
C4870,2025-01,referral,UK,mid,discount,17,1,churned,17.0,15.22
C4871,2025-02,paid_social,UK,mid,full_price,15,9,active,130.0,34.09
C4872,2025-03,search,UK,mid,discount,17,8,churned,144.0,24.29
C4873,2025-04,paid_social,US,mid,discount,15,4,churned,72.25,23.29
C4874,2025-05,search,UK,low,discount,13,1,churned,13.0,20.7
C4875,2025-06,referral,UK,mid,full_price,15,5,active,68.0,9.12
C4876,2025-01,referral,UK,mid,discount,15,4,churned,64.0,10.95
C4877,2025-02,search,UK,high,full_price,17,9,active,171.0,25.23
C4878,2025-03,search,US,low,discount,13,3,churned,39.0,12.39
C4879,2025-04,paid_social,US,mid,full_price,13,7,active,97.0,28.2
C4880,2025-05,referral,IN,mid,discount,15,1,churned,-3.75,13.75
C4881,2025-06,referral,UK,high,discount,17,2,churned,46.0,13.92
C4882,2025-01,referral,UK,mid,discount,15,5,churned,56.25,8.89
C4883,2025-02,referral,IN,mid,discount,15,9,active,135.0,9.94
C4884,2025-03,paid_social,US,low,full_price,17,8,active,158.0,22.63
C4885,2025-04,search,CA,low,full_price,15,7,active,90.0,27.63
C4886,2025-05,referral,US,high,discount,17,3,churned,51.0,15.41
C4887,2025-06,search,CA,high,full_price,15,5,active,83.0,16.34
C4888,2025-01,paid_social,CA,high,full_price,17,10,active,184.0,24.59
C4889,2025-02,paid_social,US,mid,full_price,13,9,active,123.0,27.61
C4890,2025-03,search,IN,low,discount,13,5,churned,39.0,22.05
C4891,2025-04,referral,UK,mid,discount,17,3,churned,42.5,11.51
C4892,2025-05,paid_social,CA,low,full_price,13,6,active,88.0,36.71
C4893,2025-06,paid_social,US,mid,full_price,15,5,active,75.0,23.46
C4894,2025-01,referral,UK,mid,full_price,15,10,active,166.0,16.85
C4895,2025-02,search,US,mid,full_price,17,1,churned,17.0,20.96
C4896,2025-03,paid_social,IN,high,full_price,15,8,active,132.0,34.43
C4897,2025-04,search,UK,low,full_price,15,7,active,96.0,17.84
C4898,2025-05,paid_social,US,mid,discount,13,4,churned,64.0,29.44
C4899,2025-06,referral,US,low,discount,13,5,active,73.0,13.73
C4900,2025-01,search,IN,mid,discount,15,4,churned,60.0,27.4
C4901,2025-02,paid_social,US,mid,full_price,15,7,churned,105.0,30.38
C4902,2025-03,search,UK,mid,discount,15,1,churned,15.0,22.21
C4903,2025-04,referral,US,mid,full_price,15,5,churned,81.0,14.84
C4904,2025-05,referral,IN,high,discount,17,6,active,110.0,6.73
C4905,2025-06,referral,US,low,discount,13,5,active,65.0,7.84
C4906,2025-01,paid_social,US,mid,discount,15,2,churned,22.5,29.76
C4907,2025-02,paid_social,US,mid,discount,17,9,churned,156.5,37.75
C4908,2025-03,paid_social,US,mid,discount,15,8,churned,113.25,28.49
C4909,2025-04,referral,CA,low,discount,13,2,churned,34.75,6.7
C4910,2025-05,referral,IN,low,discount,13,6,churned,82.75,18.26
C4911,2025-06,referral,IN,mid,discount,15,5,active,81.0,13.94
C4912,2025-01,search,UK,mid,full_price,13,10,active,129.0,11.05
C4913,2025-02,referral,US,high,full_price,17,9,active,167.0,9.03
C4914,2025-03,paid_social,US,high,full_price,17,8,active,154.0,30.41
C4915,2025-04,search,IN,low,discount,13,7,active,88.0,16.98
C4916,2025-05,paid_social,US,mid,discount,15,4,churned,60.25,31.18
C4917,2025-06,search,CA,low,full_price,13,5,active,65.0,20.57
C4918,2025-01,paid_social,US,low,full_price,13,10,active,142.0,45.07
C4919,2025-02,paid_social,IN,mid,discount,13,9,churned,108.0,29.47
C4920,2025-03,search,IN,mid,discount,15,2,churned,38.0,27.91
C4921,2025-04,paid_social,IN,high,full_price,15,6,churned,71.25,7.92
C4922,2025-05,search,CA,high,full_price,15,6,active,90.0,29.28
C4923,2025-06,referral,CA,low,discount,13,5,active,65.0,10.77
C4924,2025-01,paid_social,CA,low,full_price,15,10,active,164.0,26.12
C4925,2025-02,search,UK,high,full_price,17,9,active,165.0,29.59
C4926,2025-03,paid_social,US,high,full_price,15,8,active,119.0,29.61
C4927,2025-04,referral,CA,high,full_price,17,7,active,125.0,7.85
C4928,2025-05,search,US,high,full_price,15,5,churned,60.0,23.76
C4929,2025-06,paid_social,UK,low,discount,13,4,churned,39.0,27.09
C4930,2025-01,referral,IN,mid,discount,13,10,active,129.0,7.86
C4931,2025-02,paid_social,US,mid,full_price,13,9,active,123.0,23.36
C4932,2025-03,paid_social,UK,mid,discount,13,1,churned,-6.5,23.85
C4933,2025-04,referral,UK,low,discount,15,7,active,113.0,9.58
C4934,2025-05,paid_social,UK,mid,full_price,13,6,active,82.0,39.37
C4935,2025-06,search,UK,low,full_price,13,5,active,73.0,24.19
C4936,2025-01,referral,CA,low,discount,15,5,churned,53.0,6.91
C4937,2025-02,referral,IN,low,discount,13,2,churned,19.5,11.38
C4938,2025-03,paid_social,UK,low,discount,13,8,active,112.0,34.51
C4939,2025-04,search,US,mid,full_price,17,7,active,119.0,28.78
C4940,2025-05,referral,US,mid,discount,15,1,churned,15.0,9.07
C4941,2025-06,referral,US,low,full_price,17,3,churned,50.5,12.36
C4942,2025-01,search,US,mid,full_price,15,10,active,154.0,25.46
C4943,2025-02,referral,IN,mid,discount,13,2,churned,19.5,9.62
C4944,2025-03,search,UK,low,discount,13,8,active,101.0,32.96
C4945,2025-04,referral,IN,mid,discount,15,1,churned,21.0,13.66
C4946,2025-05,paid_social,US,high,full_price,17,6,active,108.0,16.82
C4947,2025-06,paid_social,US,low,full_price,13,2,churned,42.0,24.33
C4948,2025-01,paid_social,US,high,full_price,17,10,active,170.0,25.66
C4949,2025-02,paid_social,UK,low,discount,15,2,churned,38.25,37.44
C4950,2025-03,referral,IN,low,discount,13,5,churned,81.0,10.76
C4951,2025-04,paid_social,IN,high,discount,15,3,churned,45.0,38.11
C4952,2025-05,paid_social,US,low,discount,15,4,churned,70.0,17.99
C4953,2025-06,paid_social,CA,low,full_price,13,5,active,65.0,30.85
C4954,2025-01,search,US,mid,full_price,17,10,active,161.0,36.2
C4955,2025-02,search,US,mid,full_price,17,9,active,173.0,28.91
C4956,2025-03,referral,CA,low,discount,13,3,churned,43.0,10.08
C4957,2025-04,paid_social,US,mid,discount,17,1,churned,8.5,15.59
C4958,2025-05,paid_social,US,low,full_price,13,6,active,88.0,21.72
C4959,2025-06,search,CA,high,full_price,17,5,active,93.0,22.33
C4960,2025-01,search,UK,high,full_price,17,10,active,174.0,21.25
C4961,2025-02,referral,CA,mid,full_price,15,9,active,113.0,10.21
C4962,2025-03,search,US,mid,discount,15,8,churned,105.0,19.28
C4963,2025-04,search,CA,mid,full_price,13,7,active,103.0,22.01
C4964,2025-05,paid_social,IN,low,discount,13,1,churned,15.75,28.64
C4965,2025-06,search,CA,high,full_price,17,5,active,93.0,24.17
C4966,2025-01,search,US,low,full_price,13,10,active,144.0,29.4
C4967,2025-02,referral,IN,low,discount,13,4,churned,58.0,14.3
C4968,2025-03,search,CA,low,full_price,13,7,churned,84.0,20.69
C4969,2025-04,referral,US,low,full_price,13,7,active,78.0,15.15
C4970,2025-05,referral,IN,mid,discount,13,6,churned,86.0,12.39
C4971,2025-06,paid_social,UK,mid,full_price,15,5,active,79.0,19.56
C4972,2025-01,search,US,mid,full_price,15,10,active,160.0,17.0
C4973,2025-02,search,UK,high,full_price,15,5,churned,56.5,20.83
C4974,2025-03,referral,US,high,full_price,17,8,active,140.0,13.93
C4975,2025-04,search,US,mid,full_price,13,7,active,86.0,18.25
C4976,2025-05,referral,US,mid,full_price,17,1,churned,12.75,11.34
C4977,2025-06,referral,UK,mid,discount,15,1,churned,15.0,11.5
C4978,2025-01,paid_social,IN,low,discount,15,10,active,160.0,32.33
C4979,2025-02,paid_social,UK,mid,full_price,15,9,active,143.0,26.34
C4980,2025-03,search,US,mid,full_price,15,8,active,124.0,22.89
C4981,2025-04,paid_social,UK,high,discount,17,2,churned,34.0,29.26
C4982,2025-05,paid_social,UK,high,full_price,15,6,active,75.0,38.56
C4983,2025-06,paid_social,IN,low,discount,13,5,churned,53.5,33.84
C4984,2025-01,referral,IN,low,discount,13,5,churned,66.5,12.79
C4985,2025-02,paid_social,IN,low,discount,13,9,active,125.0,45.56
C4986,2025-03,paid_social,UK,mid,full_price,15,8,active,105.0,28.08
C4987,2025-04,paid_social,UK,low,full_price,13,1,churned,13.0,19.86
C4988,2025-05,paid_social,IN,low,discount,13,1,churned,13.0,25.04
C4989,2025-06,paid_social,IN,low,full_price,13,5,active,77.0,22.96
C4990,2025-01,search,CA,low,full_price,13,10,active,108.0,24.99
C4991,2025-02,paid_social,US,mid,full_price,13,5,churned,52.0,26.41
C4992,2025-03,paid_social,CA,low,full_price,15,8,active,124.0,35.11
C4993,2025-04,referral,UK,mid,discount,13,5,churned,65.0,8.32
C4994,2025-05,search,IN,mid,full_price,15,6,active,90.0,26.21
C4995,2025-06,paid_social,IN,low,discount,17,4,churned,48.5,23.64
C4996,2025-01,referral,US,low,discount,15,4,churned,60.0,10.47
C4997,2025-02,search,UK,low,discount,13,1,churned,6.5,20.52
C4998,2025-03,referral,IN,mid,discount,13,8,active,112.0,10.93
C4999,2025-04,paid_social,IN,mid,discount,15,2,churned,30.0,35.75
C5000,2025-05,referral,UK,mid,discount,17,1,churned,12.75,9.28
C5001,2025-06,search,UK,low,full_price,15,5,active,75.0,24.64
C5002,2025-01,referral,IN,high,discount,15,2,churned,22.5,10.06
C5003,2025-02,referral,IN,mid,discount,15,2,churned,26.25,9.5
C5004,2025-03,referral,US,mid,discount,17,2,churned,17.0,10.44
C5005,2025-04,paid_social,US,mid,full_price,13,7,active,91.0,26.15
C5006,2025-05,referral,CA,mid,discount,15,6,active,102.0,10.94
C5007,2025-06,paid_social,UK,low,discount,13,2,churned,19.5,16.74
C5008,2025-01,search,UK,high,full_price,15,10,active,176.0,19.07
C5009,2025-02,referral,UK,mid,discount,13,2,churned,26.0,12.93
C5010,2025-03,search,UK,high,full_price,17,8,churned,84.5,23.94
C5011,2025-04,referral,UK,low,discount,13,2,churned,26.0,14.81
C5012,2025-05,referral,IN,mid,discount,15,6,churned,110.0,10.5
C5013,2025-06,search,UK,high,discount,17,5,active,95.0,17.33
C5014,2025-01,search,US,low,full_price,15,10,active,164.0,27.52
C5015,2025-02,search,CA,mid,discount,13,1,churned,9.75,20.1
C5016,2025-03,paid_social,US,mid,discount,13,8,active,107.0,18.18
C5017,2025-04,paid_social,US,high,full_price,17,7,active,110.0,30.41
C5018,2025-05,search,UK,high,full_price,13,3,churned,39.0,29.92
C5019,2025-06,paid_social,IN,low,full_price,13,5,active,73.0,34.74
C5020,2025-01,search,US,high,full_price,17,10,active,174.0,16.57
C5021,2025-02,referral,IN,mid,full_price,13,9,active,117.0,10.39
C5022,2025-03,search,US,mid,discount,15,5,churned,60.25,31.15
C5023,2025-04,paid_social,US,low,discount,13,7,churned,90.5,31.63
C5024,2025-05,paid_social,IN,low,discount,13,2,churned,26.0,33.79
C5025,2025-06,paid_social,CA,mid,full_price,15,5,active,81.0,23.5
C5026,2025-01,referral,IN,mid,discount,13,1,churned,6.5,6.73
C5027,2025-02,paid_social,UK,low,discount,13,9,active,121.0,26.73
C5028,2025-03,referral,CA,mid,full_price,15,8,active,128.0,11.68
C5029,2025-04,search,US,mid,full_price,17,7,active,112.0,20.68
C5030,2025-05,search,US,mid,full_price,13,3,churned,45.0,20.57
C5031,2025-06,search,UK,low,full_price,13,5,active,65.0,14.04
C5032,2025-01,referral,CA,mid,full_price,17,10,active,148.0,12.94
C5033,2025-02,paid_social,US,mid,full_price,15,5,churned,75.0,29.36
C5034,2025-03,paid_social,UK,mid,full_price,17,8,active,136.0,31.37
C5035,2025-04,referral,UK,mid,discount,15,4,churned,60.0,11.87
C5036,2025-05,search,US,high,full_price,15,5,churned,79.25,20.75
C5037,2025-06,search,CA,mid,full_price,15,5,active,75.0,17.78
C5038,2025-01,referral,US,low,discount,15,6,churned,71.25,11.75
C5039,2025-02,paid_social,UK,low,discount,13,2,churned,26.0,38.06
C5040,2025-03,referral,UK,low,discount,13,1,churned,13.0,12.42
C5041,2025-04,referral,UK,high,full_price,17,7,active,125.0,10.01
C5042,2025-05,search,UK,mid,full_price,15,6,active,75.0,15.76
C5043,2025-06,referral,IN,mid,discount,17,3,churned,57.0,11.74
C5044,2025-01,referral,US,low,discount,15,2,churned,30.0,10.13
C5045,2025-02,search,UK,mid,discount,13,3,churned,44.5,22.38
C5046,2025-03,paid_social,UK,low,discount,15,4,churned,62.25,26.17
C5047,2025-04,paid_social,US,mid,full_price,15,7,active,113.0,24.62
C5048,2025-05,search,UK,low,full_price,13,6,active,92.0,24.17
C5049,2025-06,paid_social,IN,high,discount,17,3,churned,59.0,26.89
C5050,2025-01,referral,UK,mid,discount,15,2,churned,26.25,11.64
C5051,2025-02,paid_social,US,mid,discount,15,5,churned,64.0,39.03
C5052,2025-03,search,US,mid,full_price,13,8,active,112.0,25.61
C5053,2025-04,referral,CA,high,full_price,13,4,churned,48.75,11.55
C5054,2025-05,referral,US,low,discount,13,6,active,78.0,12.19
C5055,2025-06,paid_social,IN,low,discount,15,1,churned,11.25,30.28
C5056,2025-01,search,CA,mid,full_price,17,10,active,127.0,23.22
C5057,2025-02,paid_social,UK,high,full_price,15,8,churned,97.5,30.06
C5058,2025-03,referral,CA,mid,full_price,15,8,active,113.0,12.19
C5059,2025-04,referral,US,mid,full_price,13,7,active,95.0,12.84
C5060,2025-05,referral,IN,low,discount,17,1,churned,20.75,8.08
C5061,2025-06,paid_social,IN,low,discount,13,1,churned,13.0,27.99
C5062,2025-01,search,CA,mid,full_price,13,10,active,140.0,20.91
C5063,2025-02,search,IN,mid,discount,15,5,churned,81.0,16.87
C5064,2025-03,paid_social,US,low,full_price,13,8,active,99.0,32.21
C5065,2025-04,search,US,mid,full_price,15,7,active,111.0,22.03
C5066,2025-05,search,IN,high,full_price,15,6,active,81.0,17.81
C5067,2025-06,search,US,high,full_price,17,5,active,93.0,16.26
C5068,2025-01,paid_social,CA,mid,full_price,15,10,active,128.0,25.29
C5069,2025-02,search,US,low,discount,17,6,churned,97.75,27.27
C5070,2025-03,paid_social,UK,low,full_price,13,8,active,104.0,28.55
C5071,2025-04,referral,CA,low,discount,13,1,churned,-3.25,10.31
C5072,2025-05,paid_social,UK,low,discount,13,6,active,86.0,15.57
C5073,2025-06,search,US,high,full_price,17,5,active,85.0,18.54
C5074,2025-01,paid_social,IN,low,discount,13,10,churned,131.0,28.16
C5075,2025-02,search,US,high,full_price,17,9,active,167.0,14.08
C5076,2025-03,paid_social,IN,low,discount,13,2,churned,32.75,29.05
C5077,2025-04,paid_social,US,low,discount,13,1,churned,17.75,32.64
C5078,2025-05,paid_social,US,mid,full_price,15,6,active,81.0,38.94
C5079,2025-06,paid_social,UK,low,full_price,13,5,active,69.0,28.52
C5080,2025-01,paid_social,UK,low,full_price,13,10,active,144.0,30.03
C5081,2025-02,referral,IN,mid,discount,13,7,churned,87.75,10.96
C5082,2025-03,search,UK,low,discount,13,8,active,110.0,28.04
C5083,2025-04,referral,UK,low,full_price,15,7,active,111.0,8.41
C5084,2025-05,search,UK,mid,full_price,17,6,active,106.0,20.0
C5085,2025-06,search,CA,mid,full_price,15,5,active,91.0,22.79
C5086,2025-01,search,US,mid,discount,15,3,churned,43.5,20.38
C5087,2025-02,paid_social,US,low,full_price,13,9,active,132.0,18.89
C5088,2025-03,search,CA,high,full_price,15,8,churned,109.0,22.93
C5089,2025-04,paid_social,UK,low,full_price,15,1,churned,15.0,28.06
C5090,2025-05,paid_social,IN,high,discount,17,6,active,110.0,31.02
C5091,2025-06,search,US,mid,discount,13,2,churned,26.0,21.18
C5092,2025-01,paid_social,IN,low,discount,13,1,churned,6.5,10.25
C5093,2025-02,referral,US,high,discount,15,4,churned,64.0,8.33
C5094,2025-03,paid_social,US,low,discount,13,1,churned,13.0,33.47
C5095,2025-04,search,UK,mid,discount,17,7,churned,129.0,19.45
C5096,2025-05,search,IN,low,full_price,13,6,active,86.0,23.65
C5097,2025-06,referral,US,mid,full_price,17,5,active,97.0,7.79
C5098,2025-01,referral,UK,low,discount,17,4,churned,59.5,9.16
C5099,2025-02,referral,UK,mid,discount,15,2,churned,38.0,13.77
C5100,2025-03,paid_social,IN,mid,full_price,15,8,active,132.0,32.41
C5101,2025-04,referral,IN,low,discount,13,7,active,113.0,11.86
C5102,2025-05,search,US,mid,full_price,15,6,active,90.0,16.61
C5103,2025-06,referral,CA,high,full_price,17,5,active,68.0,15.45
C5104,2025-01,paid_social,CA,mid,full_price,13,10,active,136.0,29.7
C5105,2025-02,referral,UK,low,discount,15,2,churned,26.25,12.18
C5106,2025-03,referral,US,low,discount,13,6,churned,80.75,5.74
C5107,2025-04,search,US,low,discount,13,1,churned,13.0,22.89
C5108,2025-05,search,IN,high,discount,17,1,churned,17.0,19.88
C5109,2025-06,paid_social,US,high,discount,17,5,active,82.0,19.22
C5110,2025-01,search,US,high,full_price,15,10,active,170.0,23.19
C5111,2025-02,search,US,high,full_price,17,9,active,153.0,14.45
C5112,2025-03,search,UK,high,full_price,17,8,active,144.0,20.07
C5113,2025-04,search,US,high,full_price,13,7,active,78.0,23.72
C5114,2025-05,search,US,mid,full_price,13,6,active,78.0,25.16
C5115,2025-06,search,CA,high,full_price,17,5,active,97.0,20.59
C5116,2025-01,referral,UK,low,discount,13,3,churned,47.0,13.19
C5117,2025-02,referral,US,high,full_price,17,9,active,183.0,13.26
C5118,2025-03,paid_social,IN,mid,discount,15,8,active,126.0,35.85
C5119,2025-04,referral,US,mid,full_price,15,7,churned,94.0,19.73
C5120,2025-05,referral,CA,mid,full_price,17,6,active,114.0,8.87
C5121,2025-06,search,US,high,full_price,17,5,active,89.0,20.0
C5122,2025-01,search,US,mid,full_price,15,10,active,158.0,14.11
C5123,2025-02,paid_social,UK,mid,full_price,15,5,churned,77.25,24.21
C5124,2025-03,search,US,high,full_price,17,8,active,158.0,18.99
C5125,2025-04,referral,US,low,discount,13,1,churned,13.0,14.09
C5126,2025-05,referral,US,high,full_price,17,6,active,97.0,10.39
C5127,2025-06,search,IN,high,discount,15,5,active,83.0,28.74
C5128,2025-01,paid_social,IN,mid,discount,15,2,churned,30.0,25.1
C5129,2025-02,search,US,mid,full_price,17,9,active,150.0,16.57
C5130,2025-03,paid_social,US,high,full_price,17,2,churned,34.0,41.92
C5131,2025-04,paid_social,UK,mid,full_price,15,7,active,119.0,16.36
C5132,2025-05,paid_social,CA,low,full_price,13,6,active,78.0,31.58
C5133,2025-06,search,IN,low,discount,13,1,churned,13.0,26.27
C5134,2025-01,search,IN,mid,discount,13,10,active,130.0,22.74
C5135,2025-02,search,IN,high,full_price,17,9,active,150.0,17.61
C5136,2025-03,paid_social,UK,low,discount,13,6,churned,82.75,21.17
C5137,2025-04,paid_social,UK,mid,full_price,13,7,active,90.0,31.5
C5138,2025-05,search,US,low,discount,13,6,active,69.0,16.68
C5139,2025-06,search,US,high,full_price,17,2,churned,34.0,17.52
C5140,2025-01,referral,US,mid,discount,15,6,churned,75.0,16.0
C5141,2025-02,referral,IN,high,discount,17,1,churned,17.0,12.15
C5142,2025-03,search,UK,mid,discount,15,2,churned,15.0,16.24
C5143,2025-04,referral,IN,high,discount,15,1,churned,7.5,13.68
C5144,2025-05,paid_social,IN,mid,discount,15,2,churned,30.0,37.03
C5145,2025-06,search,UK,high,full_price,13,5,active,79.0,19.65
C5146,2025-01,referral,IN,low,discount,17,2,churned,29.75,10.67
C5147,2025-02,referral,UK,high,discount,17,7,churned,114.0,16.18
C5148,2025-03,referral,UK,mid,discount,13,3,churned,45.0,10.72
C5149,2025-04,referral,US,low,discount,13,7,active,92.0,10.36
C5150,2025-05,paid_social,US,high,full_price,17,6,churned,111.75,28.81
C5151,2025-06,referral,IN,mid,discount,17,2,churned,48.0,10.27
C5152,2025-01,referral,US,low,discount,13,10,active,140.0,12.48
C5153,2025-02,paid_social,US,low,full_price,13,9,active,122.0,32.46
C5154,2025-03,search,IN,high,full_price,17,4,churned,69.75,25.59
C5155,2025-04,search,IN,low,discount,13,2,churned,26.0,15.89
C5156,2025-05,paid_social,US,low,full_price,13,6,active,65.0,29.85
C5157,2025-06,paid_social,US,mid,full_price,15,5,active,75.0,29.44
C5158,2025-01,search,IN,mid,discount,17,3,churned,42.5,21.37
C5159,2025-02,search,CA,mid,full_price,13,9,active,124.0,13.59
C5160,2025-03,referral,UK,low,discount,15,2,churned,30.0,12.57
C5161,2025-04,referral,UK,low,discount,13,5,churned,65.0,7.25
C5162,2025-05,paid_social,IN,low,discount,13,2,churned,22.75,30.06
C5163,2025-06,paid_social,UK,low,discount,15,5,active,60.0,20.98
C5164,2025-01,search,US,high,full_price,17,4,churned,74.0,16.36
C5165,2025-02,referral,US,mid,full_price,15,9,active,132.0,10.4
C5166,2025-03,paid_social,UK,mid,discount,15,5,churned,85.0,25.41
C5167,2025-04,paid_social,US,low,full_price,13,7,active,91.0,28.98
C5168,2025-05,search,US,mid,full_price,13,6,active,78.0,16.61
C5169,2025-06,referral,UK,mid,full_price,17,5,active,91.0,9.02
C5170,2025-01,paid_social,US,mid,discount,15,10,churned,172.0,29.9
C5171,2025-02,paid_social,IN,low,discount,15,3,churned,41.5,21.74
C5172,2025-03,referral,US,mid,full_price,15,8,active,128.0,14.18
C5173,2025-04,referral,UK,mid,full_price,17,7,active,85.0,13.94
C5174,2025-05,paid_social,IN,low,discount,13,5,churned,65.0,23.03
C5175,2025-06,search,IN,mid,discount,15,5,active,79.0,17.62
C5176,2025-01,referral,US,mid,full_price,15,1,churned,21.0,13.14
C5177,2025-02,referral,CA,mid,full_price,15,9,active,155.0,9.75
C5178,2025-03,referral,CA,high,full_price,17,8,active,125.0,10.3
C5179,2025-04,search,CA,low,full_price,15,7,active,90.0,30.5
C5180,2025-05,search,US,low,full_price,13,6,active,78.0,18.55
C5181,2025-06,paid_social,US,mid,discount,15,5,active,83.0,24.14
C5182,2025-01,paid_social,UK,high,full_price,17,7,churned,131.0,40.34
C5183,2025-02,search,IN,low,full_price,13,9,active,123.0,24.69
C5184,2025-03,paid_social,US,mid,discount,15,3,churned,53.0,22.02
C5185,2025-04,paid_social,UK,low,full_price,13,1,churned,13.0,25.9
C5186,2025-05,search,US,low,full_price,13,6,active,65.0,31.53
C5187,2025-06,paid_social,UK,mid,discount,13,5,active,71.0,26.79
C5188,2025-01,referral,IN,mid,discount,17,2,churned,29.75,10.97
C5189,2025-02,search,US,low,full_price,13,9,active,104.0,20.21
C5190,2025-03,search,UK,low,full_price,13,8,active,104.0,21.88
C5191,2025-04,paid_social,IN,mid,discount,13,1,churned,13.0,19.64
C5192,2025-05,search,US,mid,full_price,17,6,active,91.0,21.52
C5193,2025-06,search,US,mid,full_price,15,5,active,60.0,26.81
C5194,2025-01,search,IN,low,discount,13,6,churned,65.0,13.53
C5195,2025-02,paid_social,US,mid,full_price,15,1,churned,11.25,22.11
C5196,2025-03,paid_social,UK,low,full_price,13,1,churned,21.0,33.27
C5197,2025-04,referral,US,mid,full_price,17,7,active,102.0,13.45
C5198,2025-05,referral,US,mid,full_price,15,6,active,90.0,10.53
C5199,2025-06,search,CA,high,full_price,15,5,active,64.0,17.89
C5200,2025-01,referral,IN,mid,discount,17,5,churned,89.0,11.82
C5201,2025-02,referral,US,low,full_price,15,9,active,138.0,15.38
C5202,2025-03,referral,UK,mid,discount,17,8,active,148.0,11.58
C5203,2025-04,paid_social,IN,low,discount,13,1,churned,13.0,28.18
C5204,2025-05,paid_social,US,low,discount,13,3,churned,39.0,31.26
C5205,2025-06,referral,US,low,discount,13,5,churned,67.75,11.63
C5206,2025-01,search,UK,low,full_price,13,10,active,117.0,17.55
C5207,2025-02,paid_social,US,low,discount,15,2,churned,11.25,31.67
C5208,2025-03,paid_social,US,mid,full_price,17,8,active,152.0,24.09
C5209,2025-04,search,CA,low,full_price,15,7,active,98.0,17.43
C5210,2025-05,paid_social,IN,mid,discount,17,6,active,93.0,45.68
C5211,2025-06,paid_social,IN,mid,discount,15,5,active,83.0,30.49
C5212,2025-01,referral,US,low,discount,15,4,churned,49.0,11.12
C5213,2025-02,paid_social,IN,mid,discount,17,2,churned,29.75,24.35
C5214,2025-03,search,IN,low,discount,15,1,churned,11.25,18.0
C5215,2025-04,paid_social,IN,low,discount,13,4,churned,56.0,29.03
C5216,2025-05,search,UK,low,discount,13,6,active,73.0,19.71
C5217,2025-06,paid_social,CA,mid,full_price,15,5,churned,68.0,32.99
C5218,2025-01,search,UK,low,full_price,13,7,churned,97.0,21.59
C5219,2025-02,search,UK,low,full_price,13,9,active,112.0,15.42
C5220,2025-03,referral,UK,mid,discount,15,1,churned,15.0,7.27
C5221,2025-04,paid_social,US,mid,discount,15,7,active,90.0,42.26
C5222,2025-05,referral,IN,low,discount,13,3,churned,26.0,4.51
C5223,2025-06,paid_social,IN,high,full_price,13,3,churned,41.75,20.4
C5224,2025-01,referral,IN,high,full_price,15,6,churned,86.5,10.61
C5225,2025-02,referral,UK,mid,discount,15,1,churned,7.5,12.33
C5226,2025-03,referral,US,low,discount,15,8,active,126.0,9.6
C5227,2025-04,search,UK,mid,full_price,17,7,active,123.0,22.93
C5228,2025-05,search,US,high,full_price,17,6,active,102.0,16.95
C5229,2025-06,referral,IN,low,discount,13,4,churned,52.0,13.64
C5230,2025-01,paid_social,IN,low,discount,13,9,churned,91.0,26.7
C5231,2025-02,search,US,high,full_price,15,9,active,157.0,21.93
C5232,2025-03,search,US,high,full_price,15,6,churned,98.0,17.14
C5233,2025-04,search,US,mid,discount,13,3,churned,26.0,23.89
C5234,2025-05,paid_social,CA,mid,discount,15,3,churned,49.0,29.22
C5235,2025-06,paid_social,UK,low,full_price,13,5,active,65.0,28.81
C5236,2025-01,referral,UK,mid,discount,13,1,churned,6.5,13.82
C5237,2025-02,search,UK,low,discount,15,5,churned,52.5,23.35
C5238,2025-03,referral,UK,low,discount,13,7,churned,103.0,10.62
C5239,2025-04,referral,UK,high,discount,17,1,churned,8.5,12.31
C5240,2025-05,referral,CA,mid,full_price,15,6,active,87.0,10.9
C5241,2025-06,paid_social,US,low,discount,13,5,active,60.0,37.48
C5242,2025-01,referral,UK,mid,discount,13,1,churned,9.75,14.65
C5243,2025-02,referral,UK,mid,full_price,15,9,active,128.0,9.17
C5244,2025-03,paid_social,US,mid,full_price,15,8,active,140.0,30.3
C5245,2025-04,referral,IN,low,discount,13,7,active,97.0,7.86
C5246,2025-05,search,US,high,full_price,15,6,active,75.0,24.68
C5247,2025-06,paid_social,US,low,discount,13,5,churned,71.0,29.33
C5248,2025-01,paid_social,CA,high,full_price,17,2,churned,38.0,22.23
C5249,2025-02,paid_social,US,low,discount,13,3,churned,43.0,33.48
C5250,2025-03,referral,US,high,full_price,15,7,churned,127.0,12.2
C5251,2025-04,referral,UK,low,discount,13,2,churned,32.0,9.7
C5252,2025-05,search,UK,low,discount,13,3,churned,47.0,26.8
C5253,2025-06,paid_social,US,mid,full_price,17,1,churned,17.0,25.0
C5254,2025-01,search,IN,mid,discount,15,3,churned,45.0,28.77
C5255,2025-02,paid_social,IN,mid,full_price,17,9,active,157.0,32.13
C5256,2025-03,paid_social,US,low,discount,13,1,churned,13.0,26.13
C5257,2025-04,search,IN,mid,discount,13,7,active,111.0,15.96
C5258,2025-05,paid_social,CA,high,full_price,17,6,active,108.0,28.8
C5259,2025-06,search,US,high,full_price,15,5,active,75.0,8.93
C5260,2025-01,search,US,low,full_price,13,10,active,136.0,11.51
C5261,2025-02,referral,US,high,full_price,17,9,active,163.0,12.73
C5262,2025-03,search,US,low,full_price,13,8,active,104.0,28.51
C5263,2025-04,referral,IN,mid,full_price,15,7,active,113.0,7.85
C5264,2025-05,search,IN,low,discount,13,4,churned,52.0,21.1
C5265,2025-06,referral,IN,high,discount,17,5,active,85.0,3.3
C5266,2025-01,search,US,high,discount,15,1,churned,15.0,13.04
C5267,2025-02,paid_social,US,low,discount,13,6,churned,71.5,27.61
C5268,2025-03,search,US,low,discount,13,1,churned,17.0,14.61
C5269,2025-04,paid_social,IN,mid,full_price,15,7,active,111.0,28.88
C5270,2025-05,search,US,low,full_price,15,6,active,90.0,22.27
C5271,2025-06,search,UK,high,full_price,15,1,churned,15.0,19.96
C5272,2025-01,search,CA,mid,full_price,15,10,active,164.0,23.68
C5273,2025-02,search,UK,mid,full_price,15,9,active,151.0,22.06
C5274,2025-03,referral,IN,mid,discount,13,2,churned,34.0,8.95
C5275,2025-04,search,US,mid,full_price,15,6,churned,81.5,23.21
C5276,2025-05,paid_social,IN,mid,discount,15,6,active,98.0,19.97
C5277,2025-06,referral,IN,low,discount,15,5,active,75.0,14.99
C5278,2025-01,paid_social,US,mid,full_price,17,7,churned,103.75,31.42
C5279,2025-02,referral,IN,mid,discount,13,4,churned,62.0,11.5
C5280,2025-03,paid_social,CA,high,discount,17,8,churned,144.0,28.55
C5281,2025-04,referral,UK,low,discount,15,2,churned,30.0,7.81
C5282,2025-05,paid_social,UK,low,discount,15,3,churned,41.25,31.91
C5283,2025-06,search,US,high,full_price,17,5,active,85.0,23.51
C5284,2025-01,paid_social,IN,mid,discount,15,1,churned,19.0,38.38
C5285,2025-02,search,CA,high,full_price,13,9,active,116.0,24.37
C5286,2025-03,search,IN,low,full_price,13,3,churned,40.5,23.17
C5287,2025-04,paid_social,IN,mid,discount,17,7,active,112.0,24.13
C5288,2025-05,search,IN,low,discount,13,2,churned,22.75,20.18
C5289,2025-06,paid_social,US,mid,full_price,13,5,active,65.0,33.28
C5290,2025-01,search,UK,low,full_price,15,10,active,147.0,19.88
C5291,2025-02,search,US,mid,full_price,17,9,active,169.0,26.04
C5292,2025-03,search,IN,high,full_price,17,8,active,150.0,22.68
C5293,2025-04,referral,US,mid,discount,17,3,churned,59.0,14.19
C5294,2025-05,referral,IN,mid,discount,13,1,churned,13.0,10.42
C5295,2025-06,paid_social,IN,low,discount,17,5,active,85.0,18.63
C5296,2025-01,paid_social,IN,low,discount,13,5,churned,73.0,33.77
C5297,2025-02,search,IN,low,discount,13,2,churned,26.0,18.01
C5298,2025-03,paid_social,IN,low,discount,13,5,churned,48.75,17.99
C5299,2025-04,paid_social,US,low,discount,13,7,active,91.0,31.2
C5300,2025-05,referral,US,low,discount,17,2,churned,25.5,9.67
C5301,2025-06,paid_social,CA,high,full_price,17,5,active,85.0,32.7
C5302,2025-01,search,IN,low,discount,13,10,active,140.0,15.03
C5303,2025-02,paid_social,IN,mid,discount,15,9,active,130.0,38.36
C5304,2025-03,referral,UK,mid,discount,17,5,churned,63.75,7.82
C5305,2025-04,paid_social,US,low,full_price,13,7,active,86.0,26.37
C5306,2025-05,paid_social,IN,low,discount,13,1,churned,13.0,30.18
C5307,2025-06,referral,IN,low,discount,13,5,churned,64.5,8.25
C5308,2025-01,paid_social,US,high,full_price,17,10,active,182.0,14.85
C5309,2025-02,referral,CA,high,discount,15,3,churned,45.0,13.49
C5310,2025-03,search,UK,high,discount,15,2,churned,26.25,10.49
C5311,2025-04,search,US,low,full_price,17,7,active,125.0,25.66
C5312,2025-05,paid_social,CA,low,full_price,13,6,active,78.0,27.37
C5313,2025-06,search,UK,mid,discount,17,2,churned,34.0,22.02
C5314,2025-01,paid_social,IN,mid,full_price,15,10,churned,154.0,22.53
C5315,2025-02,paid_social,US,mid,discount,13,1,churned,13.0,30.06
C5316,2025-03,referral,UK,low,discount,17,5,churned,85.0,16.35
C5317,2025-04,search,CA,mid,full_price,13,7,active,92.0,18.34
C5318,2025-05,paid_social,CA,mid,full_price,17,1,churned,16.5,17.97
C5319,2025-06,paid_social,US,low,discount,15,1,churned,11.25,32.27
C5320,2025-01,referral,IN,high,discount,17,10,active,144.0,15.5
C5321,2025-02,search,UK,mid,full_price,17,5,churned,67.5,17.33
C5322,2025-03,paid_social,CA,high,full_price,15,8,active,90.0,30.23
C5323,2025-04,paid_social,IN,high,discount,17,7,active,119.0,27.68
C5324,2025-05,referral,CA,high,full_price,15,3,churned,49.0,10.21
C5325,2025-06,referral,UK,mid,full_price,15,5,active,75.0,10.2
C5326,2025-01,search,UK,low,discount,13,1,churned,13.0,29.08
C5327,2025-02,paid_social,UK,high,full_price,15,9,active,149.0,34.28
C5328,2025-03,paid_social,UK,low,discount,13,3,churned,35.75,18.81
C5329,2025-04,referral,UK,high,full_price,17,7,active,108.0,17.46
C5330,2025-05,paid_social,US,mid,discount,17,3,churned,29.75,28.2
C5331,2025-06,paid_social,CA,high,full_price,13,5,active,75.0,26.76
C5332,2025-01,search,US,high,full_price,13,2,churned,30.0,15.66
C5333,2025-02,search,UK,low,full_price,13,9,active,131.0,32.45
C5334,2025-03,referral,IN,mid,discount,15,3,churned,37.5,11.3
C5335,2025-04,referral,US,mid,discount,15,2,churned,22.5,11.01
C5336,2025-05,paid_social,IN,high,discount,17,4,churned,67.5,30.15
C5337,2025-06,paid_social,IN,mid,discount,13,1,churned,13.0,35.52
C5338,2025-01,paid_social,UK,mid,discount,15,7,churned,107.25,36.79
C5339,2025-02,search,US,high,full_price,17,9,churned,146.0,20.6
C5340,2025-03,search,US,low,full_price,15,1,churned,11.25,27.91
C5341,2025-04,referral,UK,mid,full_price,17,6,churned,112.0,8.19
C5342,2025-05,referral,UK,mid,discount,17,1,churned,17.0,14.44
C5343,2025-06,search,US,high,full_price,15,5,active,60.0,20.39
C5344,2025-01,referral,UK,high,discount,17,1,churned,17.0,8.99
C5345,2025-02,search,IN,low,discount,13,9,active,133.0,20.33
C5346,2025-03,search,US,mid,full_price,15,8,active,136.0,24.22
C5347,2025-04,search,IN,mid,full_price,13,7,active,91.0,19.8
C5348,2025-05,paid_social,UK,high,discount,17,3,churned,57.0,29.75
C5349,2025-06,referral,US,low,discount,13,4,churned,49.5,11.59
C5350,2025-01,referral,US,mid,full_price,15,10,active,90.0,5.58
C5351,2025-02,referral,UK,mid,discount,15,2,churned,26.25,11.63
C5352,2025-03,search,CA,high,full_price,17,8,active,133.0,27.81
C5353,2025-04,search,US,mid,full_price,15,7,active,109.0,20.15
C5354,2025-05,paid_social,US,mid,discount,15,2,churned,22.5,32.56
C5355,2025-06,search,UK,high,full_price,17,5,active,68.0,18.5
C5356,2025-01,paid_social,US,mid,discount,15,2,churned,30.0,31.51
C5357,2025-02,search,UK,low,full_price,13,6,churned,82.0,17.01
C5358,2025-03,search,CA,high,discount,15,8,churned,109.5,19.18
C5359,2025-04,paid_social,CA,high,full_price,15,7,active,100.0,28.36
C5360,2025-05,search,US,mid,full_price,13,6,active,82.0,23.59
C5361,2025-06,referral,IN,low,discount,13,1,churned,17.0,12.7
C5362,2025-01,paid_social,UK,mid,full_price,17,10,active,174.0,34.32
C5363,2025-02,search,UK,high,full_price,17,9,active,161.0,17.17
C5364,2025-03,paid_social,US,mid,full_price,13,8,active,116.0,40.91
C5365,2025-04,paid_social,IN,mid,discount,15,7,active,113.0,24.86
C5366,2025-05,paid_social,UK,mid,discount,15,3,churned,49.25,37.85
C5367,2025-06,referral,IN,mid,discount,13,5,active,73.0,14.8
C5368,2025-01,paid_social,US,mid,discount,15,7,churned,77.25,34.08
C5369,2025-02,search,UK,high,full_price,17,8,churned,137.75,25.13
C5370,2025-03,paid_social,US,mid,full_price,15,8,active,126.0,27.88
C5371,2025-04,paid_social,US,mid,discount,13,2,churned,26.0,30.8
C5372,2025-05,search,US,high,full_price,15,6,active,104.0,20.61
C5373,2025-06,referral,UK,mid,discount,13,5,active,73.0,11.75
C5374,2025-01,paid_social,IN,low,discount,13,5,churned,73.0,13.87
C5375,2025-02,search,US,mid,full_price,15,9,active,115.0,24.29
C5376,2025-03,referral,US,low,discount,13,4,churned,59.5,13.17
C5377,2025-04,paid_social,US,low,discount,13,1,churned,13.0,23.24
C5378,2025-05,paid_social,CA,high,full_price,17,6,active,93.0,31.22
C5379,2025-06,referral,US,mid,discount,15,1,churned,15.0,17.25
C5380,2025-01,referral,CA,high,full_price,17,10,active,165.0,12.24
C5381,2025-02,referral,US,mid,discount,15,2,churned,21.0,3.27
C5382,2025-03,search,UK,mid,full_price,13,8,active,103.0,26.33
C5383,2025-04,referral,US,low,discount,13,2,churned,22.75,9.28
C5384,2025-05,paid_social,UK,low,full_price,13,6,active,65.0,32.67
C5385,2025-06,paid_social,IN,high,discount,15,4,churned,52.5,27.09
C5386,2025-01,search,IN,low,discount,13,2,churned,26.0,20.81
C5387,2025-02,paid_social,CA,high,full_price,17,9,active,150.0,27.82
C5388,2025-03,search,CA,high,full_price,17,8,active,146.0,22.36
C5389,2025-04,search,CA,high,discount,17,7,active,101.0,22.95
C5390,2025-05,search,UK,mid,full_price,15,6,active,60.0,28.61
C5391,2025-06,paid_social,UK,mid,discount,17,2,churned,42.0,27.52
C5392,2025-01,referral,US,mid,discount,15,4,churned,68.25,6.15
C5393,2025-02,referral,US,low,full_price,13,9,active,112.0,11.89
C5394,2025-03,referral,US,mid,full_price,17,8,active,127.0,9.93
C5395,2025-04,referral,IN,high,discount,17,7,active,127.0,14.02
C5396,2025-05,referral,IN,low,discount,17,6,active,116.0,10.5
C5397,2025-06,search,UK,low,discount,13,2,churned,26.75,26.82
C5398,2025-01,paid_social,UK,low,full_price,13,10,active,144.0,27.4
C5399,2025-02,paid_social,IN,low,discount,15,3,churned,45.0,24.77
C5400,2025-03,referral,US,low,full_price,13,4,churned,60.0,11.28
C5401,2025-04,paid_social,US,high,full_price,17,7,active,119.0,44.51
C5402,2025-05,paid_social,US,mid,full_price,15,6,active,110.0,7.16
C5403,2025-06,search,UK,low,full_price,15,5,active,75.0,16.02
C5404,2025-01,referral,IN,high,discount,17,3,churned,46.75,14.93
C5405,2025-02,paid_social,UK,mid,discount,15,1,churned,15.0,20.79
C5406,2025-03,paid_social,IN,low,discount,13,7,churned,107.0,30.21
C5407,2025-04,referral,US,low,full_price,13,7,active,97.0,15.31
C5408,2025-05,search,UK,low,discount,15,6,active,75.0,20.87
C5409,2025-06,referral,IN,mid,discount,15,2,churned,15.0,12.27
C5410,2025-01,referral,US,low,discount,13,3,churned,39.0,11.08
C5411,2025-02,search,US,mid,discount,17,5,churned,74.0,28.73
C5412,2025-03,referral,IN,low,discount,13,5,churned,52.0,11.11
C5413,2025-04,search,IN,mid,full_price,15,7,active,94.0,18.41
C5414,2025-05,paid_social,US,mid,discount,15,2,churned,15.0,25.68
C5415,2025-06,paid_social,US,high,full_price,15,5,active,60.0,27.05
C5416,2025-01,referral,CA,high,full_price,13,10,active,136.0,5.69
C5417,2025-02,paid_social,IN,mid,discount,15,8,churned,125.0,38.86
C5418,2025-03,search,UK,mid,full_price,15,2,churned,30.0,17.75
C5419,2025-04,referral,IN,low,discount,13,4,churned,56.0,11.37
C5420,2025-05,paid_social,IN,mid,full_price,15,6,active,81.0,21.51
C5421,2025-06,paid_social,UK,low,full_price,13,5,active,52.0,37.2
C5422,2025-01,referral,US,low,full_price,13,10,active,150.0,7.09
C5423,2025-02,referral,US,mid,full_price,15,9,active,147.0,8.66
C5424,2025-03,search,US,low,full_price,13,8,active,117.0,12.81
C5425,2025-04,referral,IN,mid,discount,15,7,active,119.0,5.04
C5426,2025-05,referral,US,low,discount,13,4,churned,52.0,11.29
C5427,2025-06,search,US,high,full_price,17,5,active,68.0,23.75
C5428,2025-01,search,US,high,full_price,17,10,active,144.0,21.49
C5429,2025-02,referral,US,high,discount,17,8,churned,133.0,15.19
C5430,2025-03,paid_social,UK,low,discount,13,5,churned,65.0,40.92
C5431,2025-04,search,IN,high,full_price,17,7,active,135.0,28.74
C5432,2025-05,referral,US,low,full_price,13,4,churned,56.0,8.29
C5433,2025-06,referral,IN,high,full_price,17,5,active,91.0,10.67
C5434,2025-01,search,UK,high,full_price,17,10,active,170.0,26.72
C5435,2025-02,referral,US,mid,full_price,15,9,active,124.0,12.27
C5436,2025-03,paid_social,US,mid,full_price,15,8,active,134.0,36.13
C5437,2025-04,referral,UK,low,discount,13,7,active,95.0,11.56
C5438,2025-05,referral,US,low,discount,13,3,churned,39.0,13.69
C5439,2025-06,referral,IN,mid,full_price,15,4,churned,64.25,11.96
C5440,2025-01,referral,US,mid,full_price,17,5,churned,89.0,7.48
C5441,2025-02,referral,IN,low,discount,13,1,churned,9.75,14.31
C5442,2025-03,search,US,mid,discount,15,8,active,120.0,32.16
C5443,2025-04,search,US,mid,full_price,15,7,active,113.0,17.69
C5444,2025-05,paid_social,IN,low,discount,13,6,active,88.0,15.88
C5445,2025-06,search,US,high,full_price,17,5,active,103.0,15.98
C5446,2025-01,referral,US,mid,discount,15,9,churned,141.0,16.1
C5447,2025-02,paid_social,IN,low,discount,13,2,churned,26.0,12.12
C5448,2025-03,paid_social,IN,high,discount,17,3,churned,34.0,26.82
C5449,2025-04,paid_social,CA,mid,discount,15,5,churned,71.25,25.1
C5450,2025-05,search,UK,low,full_price,13,6,active,64.0,19.23
C5451,2025-06,paid_social,US,high,full_price,17,5,active,85.0,31.88
C5452,2025-01,search,UK,mid,discount,17,10,active,178.0,27.82
C5453,2025-02,paid_social,UK,high,full_price,15,9,active,109.0,26.93
C5454,2025-03,search,CA,low,discount,13,8,active,110.0,33.67
C5455,2025-04,referral,US,mid,discount,15,7,active,105.0,11.46
C5456,2025-05,search,UK,low,full_price,15,2,churned,36.0,15.91
C5457,2025-06,paid_social,CA,mid,full_price,15,1,churned,15.0,30.08
C5458,2025-01,paid_social,UK,mid,discount,17,10,active,123.0,27.21
C5459,2025-02,search,IN,high,discount,17,9,active,144.0,22.3
C5460,2025-03,paid_social,CA,mid,full_price,17,8,active,144.0,18.24
C5461,2025-04,paid_social,UK,high,full_price,15,4,churned,56.25,37.85
C5462,2025-05,referral,US,low,discount,13,1,churned,19.0,16.49
C5463,2025-06,referral,IN,mid,discount,15,2,churned,22.5,15.23
C5464,2025-01,referral,UK,low,discount,13,5,churned,58.0,13.68
C5465,2025-02,paid_social,CA,low,full_price,13,9,active,121.0,34.5
C5466,2025-03,search,CA,mid,full_price,17,8,active,129.0,37.65
C5467,2025-04,search,IN,mid,full_price,15,7,active,105.0,24.93
C5468,2025-05,search,IN,mid,full_price,13,6,active,84.0,24.94
C5469,2025-06,search,US,mid,full_price,13,5,active,65.0,10.26
C5470,2025-01,paid_social,US,mid,full_price,15,8,churned,132.0,21.85
C5471,2025-02,search,UK,mid,discount,15,9,active,124.0,21.86
C5472,2025-03,paid_social,IN,low,discount,15,5,churned,79.25,31.7
C5473,2025-04,search,US,high,full_price,15,7,active,106.0,23.31
C5474,2025-05,search,UK,mid,full_price,13,6,active,90.0,21.47
C5475,2025-06,search,US,low,discount,13,4,churned,39.0,27.98
C5476,2025-01,referral,US,low,discount,17,10,active,159.0,9.25
C5477,2025-02,search,UK,low,full_price,13,9,active,110.0,30.41
C5478,2025-03,referral,IN,high,discount,17,1,churned,17.0,14.69
C5479,2025-04,paid_social,UK,high,discount,17,1,churned,18.75,25.68
C5480,2025-05,search,CA,low,discount,13,1,churned,13.0,17.42
C5481,2025-06,paid_social,CA,low,discount,15,4,churned,68.0,25.85
C5482,2025-01,referral,CA,low,discount,13,4,churned,68.0,10.02
C5483,2025-02,referral,IN,low,discount,13,2,churned,19.5,8.74
C5484,2025-03,search,US,high,full_price,17,8,active,144.0,13.52
C5485,2025-04,paid_social,CA,low,discount,13,7,active,99.0,31.8
C5486,2025-05,paid_social,CA,low,full_price,13,6,active,78.0,39.39
C5487,2025-06,referral,UK,low,discount,13,3,churned,43.0,9.08
C5488,2025-01,paid_social,IN,low,discount,13,10,active,154.0,24.8
C5489,2025-02,referral,US,mid,discount,13,5,churned,65.0,16.58
C5490,2025-03,search,UK,low,discount,13,6,churned,65.0,24.31
C5491,2025-04,referral,IN,mid,discount,15,6,churned,90.25,12.59
C5492,2025-05,referral,IN,low,discount,13,6,active,78.0,13.97
C5493,2025-06,search,CA,high,full_price,17,5,active,76.0,26.38
C5494,2025-01,search,UK,mid,full_price,15,3,churned,51.0,22.26
C5495,2025-02,referral,US,mid,discount,17,5,churned,80.75,8.6
C5496,2025-03,paid_social,CA,mid,discount,15,2,churned,11.25,16.19
C5497,2025-04,paid_social,IN,low,discount,15,7,active,109.0,31.45
C5498,2025-05,referral,UK,high,full_price,15,6,churned,82.5,9.39
C5499,2025-06,referral,UK,mid,discount,15,5,active,68.0,11.58
C5500,2025-01,paid_social,CA,high,full_price,17,9,churned,170.0,42.98
C5501,2025-02,paid_social,US,low,full_price,13,9,active,125.0,30.09
C5502,2025-03,referral,IN,high,discount,17,8,active,129.0,11.41
C5503,2025-04,referral,IN,low,discount,15,5,churned,75.0,13.92
C5504,2025-05,referral,US,mid,discount,17,6,active,102.0,13.01
C5505,2025-06,paid_social,US,high,discount,13,4,churned,58.0,34.49
C5506,2025-01,paid_social,US,low,full_price,15,10,active,168.0,23.6
C5507,2025-02,referral,IN,high,discount,17,1,churned,17.0,9.86
C5508,2025-03,paid_social,CA,high,full_price,17,8,active,136.0,26.48
C5509,2025-04,referral,IN,mid,discount,15,1,churned,15.0,8.68
C5510,2025-05,search,CA,low,discount,13,3,churned,47.0,26.2
C5511,2025-06,paid_social,US,mid,full_price,15,5,active,81.0,40.43
C5512,2025-01,search,CA,high,full_price,17,4,churned,76.0,20.86
C5513,2025-02,search,US,mid,full_price,15,4,churned,60.0,29.19
C5514,2025-03,referral,UK,mid,discount,13,6,churned,86.0,7.64
C5515,2025-04,paid_social,CA,mid,full_price,15,7,churned,105.5,33.63
C5516,2025-05,search,CA,mid,full_price,15,6,active,75.0,18.37
C5517,2025-06,referral,IN,mid,discount,15,5,churned,75.5,10.4
C5518,2025-01,search,US,high,full_price,17,8,churned,133.0,27.03
C5519,2025-02,search,UK,low,full_price,13,9,active,126.0,19.01
C5520,2025-03,paid_social,UK,low,discount,13,8,active,112.0,29.98
C5521,2025-04,paid_social,US,high,full_price,17,1,churned,17.0,32.16
C5522,2025-05,search,IN,low,discount,13,6,churned,81.5,26.05
C5523,2025-06,search,UK,mid,discount,13,3,churned,43.0,34.68
C5524,2025-01,paid_social,IN,mid,discount,13,2,churned,26.0,38.6
C5525,2025-02,referral,US,low,discount,15,9,churned,126.0,16.05
C5526,2025-03,referral,CA,high,full_price,17,8,active,144.0,6.02
C5527,2025-04,referral,CA,high,full_price,17,7,active,108.0,7.98
C5528,2025-05,paid_social,US,low,full_price,13,6,active,65.0,19.76
C5529,2025-06,referral,UK,mid,full_price,15,5,active,60.0,12.86
C5530,2025-01,paid_social,IN,mid,full_price,17,5,churned,71.75,26.69
C5531,2025-02,paid_social,US,high,full_price,17,9,active,171.0,37.76
C5532,2025-03,paid_social,IN,mid,discount,15,1,churned,15.0,22.57
C5533,2025-04,referral,IN,high,discount,17,7,active,135.0,9.04
C5534,2025-05,referral,US,low,full_price,17,6,active,102.0,8.32
C5535,2025-06,paid_social,UK,mid,discount,15,1,churned,21.0,33.14
C5536,2025-01,search,CA,mid,full_price,13,10,active,123.0,23.07
C5537,2025-02,search,US,low,discount,13,2,churned,26.0,15.16
C5538,2025-03,paid_social,UK,high,discount,15,3,churned,51.0,47.05
C5539,2025-04,referral,US,low,discount,13,7,active,103.0,12.97
C5540,2025-05,referral,US,low,discount,13,6,churned,88.0,12.31
C5541,2025-06,search,CA,high,full_price,17,5,active,85.0,11.58
C5542,2025-01,paid_social,IN,high,full_price,17,7,churned,114.5,28.0
C5543,2025-02,search,CA,mid,full_price,15,9,active,149.0,31.24
C5544,2025-03,search,US,high,full_price,17,8,active,144.0,24.19
C5545,2025-04,paid_social,IN,low,discount,13,5,churned,64.5,18.62
C5546,2025-05,search,UK,low,full_price,13,2,churned,19.5,21.04
C5547,2025-06,paid_social,UK,high,full_price,17,5,active,85.0,25.66
C5548,2025-01,paid_social,US,low,full_price,13,10,active,125.0,19.49
C5549,2025-02,referral,US,low,discount,13,2,churned,27.5,11.21
C5550,2025-03,paid_social,IN,mid,discount,17,4,churned,63.75,35.47
C5551,2025-04,referral,UK,mid,discount,15,6,churned,94.0,12.75
C5552,2025-05,paid_social,UK,mid,discount,15,2,churned,26.25,36.54
C5553,2025-06,paid_social,US,low,full_price,15,5,active,66.0,21.71
C5554,2025-01,paid_social,US,high,full_price,15,10,active,162.0,27.34
C5555,2025-02,referral,IN,low,discount,13,3,churned,39.0,5.3
C5556,2025-03,search,US,mid,discount,15,6,churned,82.5,21.43
C5557,2025-04,search,US,low,discount,13,7,active,77.0,17.09
C5558,2025-05,search,UK,mid,full_price,17,2,churned,37.75,25.47
C5559,2025-06,paid_social,US,high,full_price,15,5,churned,60.0,33.16
C5560,2025-01,paid_social,US,mid,full_price,15,10,active,156.0,19.25
C5561,2025-02,referral,IN,low,discount,15,1,churned,11.25,13.6
C5562,2025-03,search,US,high,full_price,13,8,active,99.0,21.89
C5563,2025-04,referral,IN,mid,discount,15,2,churned,26.5,8.78
C5564,2025-05,paid_social,UK,high,full_price,15,4,churned,68.0,29.99
C5565,2025-06,search,IN,mid,discount,17,5,churned,85.0,23.29
C5566,2025-01,paid_social,IN,mid,discount,15,10,active,158.0,33.14
C5567,2025-02,search,US,mid,full_price,15,9,active,143.0,26.33
C5568,2025-03,paid_social,CA,low,full_price,13,3,churned,39.0,23.75
C5569,2025-04,search,CA,mid,full_price,15,7,active,125.0,17.17
C5570,2025-05,search,US,mid,full_price,13,6,active,92.0,18.92
C5571,2025-06,search,IN,high,discount,17,3,churned,59.0,23.67
C5572,2025-01,referral,CA,mid,discount,15,5,churned,79.25,11.16
C5573,2025-02,search,CA,low,full_price,13,9,active,97.0,25.5
C5574,2025-03,paid_social,US,low,full_price,13,7,churned,91.0,24.77
C5575,2025-04,paid_social,CA,mid,full_price,15,7,active,105.0,34.2
C5576,2025-05,referral,UK,mid,full_price,15,6,active,90.0,11.86
C5577,2025-06,paid_social,UK,mid,discount,15,5,active,75.0,27.54
C5578,2025-01,referral,IN,mid,discount,13,2,churned,27.5,13.29
C5579,2025-02,paid_social,UK,high,full_price,17,3,churned,65.0,30.2
C5580,2025-03,search,US,low,discount,13,6,churned,77.5,21.35
C5581,2025-04,search,CA,high,full_price,17,7,active,125.0,23.33
C5582,2025-05,referral,US,low,discount,15,6,active,75.0,11.56
C5583,2025-06,search,US,low,full_price,13,5,active,73.0,17.56
C5584,2025-01,referral,IN,low,discount,15,2,churned,26.5,11.37
C5585,2025-02,paid_social,UK,mid,full_price,13,9,active,121.0,38.24
C5586,2025-03,referral,IN,low,discount,13,4,churned,39.0,11.82
C5587,2025-04,paid_social,IN,mid,full_price,15,7,active,117.0,25.53
C5588,2025-05,paid_social,IN,low,discount,13,6,churned,82.0,29.69
C5589,2025-06,search,US,low,full_price,13,5,active,69.0,25.19
C5590,2025-01,search,CA,mid,full_price,17,7,churned,111.5,22.28
C5591,2025-02,paid_social,UK,mid,full_price,15,9,active,135.0,32.78
C5592,2025-03,search,US,low,discount,17,1,churned,17.0,18.56
C5593,2025-04,search,US,mid,full_price,15,2,churned,38.0,23.05
C5594,2025-05,paid_social,UK,low,discount,13,3,churned,39.0,30.41
C5595,2025-06,referral,US,high,full_price,15,5,active,87.0,12.76
C5596,2025-01,search,US,low,full_price,13,10,active,121.0,21.95
C5597,2025-02,paid_social,CA,mid,discount,17,2,churned,34.0,30.89
C5598,2025-03,search,UK,mid,full_price,15,8,active,152.0,16.19
C5599,2025-04,paid_social,UK,mid,full_price,13,7,churned,91.0,24.9
C5600,2025-05,referral,IN,mid,discount,17,1,churned,17.0,16.84
C5601,2025-06,paid_social,UK,low,discount,13,2,churned,26.0,29.38
C5602,2025-01,search,UK,mid,full_price,15,10,active,141.0,19.36
C5603,2025-02,paid_social,US,high,discount,15,1,churned,11.25,30.61
C5604,2025-03,referral,IN,mid,full_price,15,8,active,120.0,5.96
C5605,2025-04,paid_social,CA,mid,discount,15,1,churned,15.0,20.78
C5606,2025-05,search,US,low,discount,13,4,churned,32.0,20.13
C5607,2025-06,search,US,mid,full_price,15,5,active,81.0,21.27
C5608,2025-01,paid_social,US,mid,full_price,13,10,active,142.0,16.62
C5609,2025-02,search,UK,mid,full_price,15,9,active,132.0,27.73
C5610,2025-03,paid_social,IN,high,full_price,15,8,churned,134.0,24.39
C5611,2025-04,referral,US,high,discount,17,7,active,102.0,11.21
C5612,2025-05,search,UK,mid,full_price,13,6,active,82.0,12.75
C5613,2025-06,referral,US,high,discount,17,5,active,95.0,11.8
C5614,2025-01,paid_social,US,mid,discount,13,5,churned,77.0,21.87
C5615,2025-02,search,UK,high,full_price,17,9,active,123.0,21.57
C5616,2025-03,paid_social,CA,mid,full_price,13,8,active,113.0,20.44
C5617,2025-04,paid_social,UK,high,discount,13,1,churned,13.0,35.58
C5618,2025-05,referral,US,low,discount,13,6,churned,94.0,7.94
C5619,2025-06,paid_social,US,mid,full_price,17,5,active,91.0,22.91
C5620,2025-01,referral,IN,low,discount,13,1,churned,13.0,12.91
C5621,2025-02,paid_social,US,high,full_price,15,9,active,141.0,21.81
C5622,2025-03,paid_social,CA,mid,full_price,17,5,churned,101.0,34.34
C5623,2025-04,referral,IN,low,discount,15,7,active,94.0,14.58
C5624,2025-05,search,UK,low,discount,15,6,active,104.0,24.3
C5625,2025-06,referral,UK,low,discount,13,4,churned,48.75,9.57
C5626,2025-01,paid_social,US,low,discount,13,3,churned,39.0,30.64
C5627,2025-02,referral,CA,mid,discount,13,5,churned,51.5,11.95
C5628,2025-03,search,CA,high,discount,17,4,churned,63.75,16.95
C5629,2025-04,search,US,low,full_price,13,7,active,103.0,26.12
C5630,2025-05,paid_social,IN,low,discount,13,6,active,94.0,52.43
C5631,2025-06,search,UK,low,full_price,15,5,active,80.0,24.49
C5632,2025-01,paid_social,IN,mid,discount,15,10,churned,158.25,26.95
C5633,2025-02,paid_social,US,high,discount,15,9,active,151.0,28.55
C5634,2025-03,paid_social,CA,low,full_price,15,8,active,128.0,41.49
C5635,2025-04,referral,US,low,discount,13,7,active,81.0,13.23
C5636,2025-05,search,CA,low,discount,17,3,churned,51.0,22.41
C5637,2025-06,paid_social,CA,low,discount,15,5,active,75.0,43.62
C5638,2025-01,paid_social,US,mid,full_price,15,10,active,168.0,27.38
C5639,2025-02,referral,IN,low,discount,13,2,churned,13.0,9.89
C5640,2025-03,referral,US,high,full_price,17,1,churned,14.5,9.55
C5641,2025-04,referral,UK,low,full_price,13,7,active,91.0,6.67
C5642,2025-05,referral,IN,mid,full_price,17,6,active,108.0,16.49
C5643,2025-06,paid_social,CA,low,discount,13,1,churned,13.0,25.66
C5644,2025-01,search,IN,mid,full_price,15,10,active,176.0,15.51
C5645,2025-02,paid_social,US,low,discount,13,2,churned,26.0,22.22
C5646,2025-03,referral,UK,low,discount,17,3,churned,55.0,15.88
C5647,2025-04,referral,IN,mid,discount,15,7,active,113.0,15.09
C5648,2025-05,referral,US,mid,full_price,15,6,active,104.0,12.28
C5649,2025-06,referral,IN,low,discount,13,4,churned,52.0,6.88
C5650,2025-01,paid_social,CA,low,discount,15,7,churned,105.0,31.07
C5651,2025-02,paid_social,IN,low,discount,13,3,churned,32.5,39.98
C5652,2025-03,paid_social,UK,low,full_price,13,2,churned,30.0,26.67
C5653,2025-04,referral,IN,mid,full_price,15,7,active,117.0,9.93
C5654,2025-05,referral,IN,mid,discount,15,6,churned,82.5,11.42
C5655,2025-06,search,IN,low,discount,13,4,churned,58.0,20.07
C5656,2025-01,search,CA,mid,full_price,13,10,active,123.0,23.39
C5657,2025-02,paid_social,CA,low,discount,15,8,churned,126.0,23.47
C5658,2025-03,search,UK,low,full_price,13,8,active,78.0,23.59
C5659,2025-04,search,UK,high,full_price,17,7,active,102.0,24.61
C5660,2025-05,paid_social,IN,low,discount,13,3,churned,26.0,23.03
C5661,2025-06,paid_social,US,high,full_price,17,5,active,89.0,26.25
C5662,2025-01,referral,IN,mid,discount,15,4,churned,64.0,10.74
C5663,2025-02,search,UK,mid,full_price,17,9,active,163.0,17.38
C5664,2025-03,paid_social,IN,low,discount,13,1,churned,9.75,36.86
C5665,2025-04,search,UK,high,full_price,17,7,active,118.0,21.86
C5666,2025-05,paid_social,US,low,full_price,13,6,active,52.0,28.1
C5667,2025-06,search,UK,low,discount,13,5,active,65.0,20.22
C5668,2025-01,search,IN,high,full_price,17,10,active,190.0,29.14
C5669,2025-02,search,US,mid,full_price,15,9,active,134.0,22.74
C5670,2025-03,referral,CA,low,full_price,13,8,active,116.0,14.08
C5671,2025-04,search,US,mid,full_price,15,7,active,98.0,22.74
C5672,2025-05,search,IN,high,discount,17,5,churned,76.5,20.2
C5673,2025-06,search,UK,low,discount,13,2,churned,26.0,15.94
C5674,2025-01,search,US,mid,full_price,17,10,active,170.0,27.62
C5675,2025-02,paid_social,US,high,full_price,17,9,active,173.0,34.9
C5676,2025-03,search,US,mid,full_price,15,8,active,142.0,27.97
C5677,2025-04,paid_social,UK,low,discount,17,5,churned,93.0,25.08
C5678,2025-05,paid_social,US,mid,full_price,15,5,churned,75.0,33.6
C5679,2025-06,referral,UK,low,discount,13,5,active,60.0,9.31
C5680,2025-01,search,IN,high,discount,15,3,churned,45.0,34.38
C5681,2025-02,referral,UK,low,discount,13,2,churned,26.75,14.83
C5682,2025-03,paid_social,UK,high,full_price,15,7,churned,90.0,33.3
C5683,2025-04,paid_social,US,low,discount,13,7,churned,96.0,38.86
C5684,2025-05,referral,UK,mid,discount,13,1,churned,-3.25,14.19
C5685,2025-06,referral,CA,mid,full_price,13,5,active,87.0,6.02
C5686,2025-01,referral,US,low,discount,13,2,churned,22.75,13.82
C5687,2025-02,paid_social,IN,low,discount,13,2,churned,13.0,23.99
C5688,2025-03,paid_social,IN,high,discount,17,8,active,136.0,35.2
C5689,2025-04,search,US,high,discount,17,1,churned,17.0,15.49
C5690,2025-05,referral,US,mid,discount,17,1,churned,17.0,10.55
C5691,2025-06,search,US,high,full_price,15,5,active,60.0,21.86
C5692,2025-01,search,UK,low,full_price,15,10,active,158.0,27.19
C5693,2025-02,paid_social,US,mid,full_price,15,9,active,139.0,29.21
C5694,2025-03,paid_social,UK,mid,full_price,13,8,active,100.0,22.46
C5695,2025-04,referral,IN,mid,discount,15,2,churned,26.25,7.62
C5696,2025-05,referral,US,mid,full_price,13,6,active,69.0,11.13
C5697,2025-06,search,IN,low,full_price,17,5,active,93.0,24.88
C5698,2025-01,search,US,low,full_price,13,10,active,144.0,25.0
C5699,2025-02,referral,US,high,discount,17,6,churned,102.0,9.61
C5700,2025-03,referral,UK,low,discount,15,1,churned,23.0,13.68
C5701,2025-04,paid_social,CA,mid,full_price,15,7,active,121.0,31.24
C5702,2025-05,paid_social,UK,low,discount,13,3,churned,36.5,33.35
C5703,2025-06,search,US,mid,full_price,15,5,active,75.0,23.69
C5704,2025-01,search,IN,mid,discount,17,10,active,176.0,23.66
C5705,2025-02,referral,UK,low,discount,13,9,active,131.0,8.02
C5706,2025-03,referral,US,low,discount,15,2,churned,30.0,11.0
C5707,2025-04,referral,IN,low,discount,15,1,churned,19.0,5.39
C5708,2025-05,search,CA,mid,full_price,13,6,active,65.0,21.82
C5709,2025-06,paid_social,UK,high,discount,15,3,churned,28.5,24.67
C5710,2025-01,referral,US,mid,full_price,13,10,active,134.0,15.37
C5711,2025-02,paid_social,US,mid,full_price,15,9,active,113.0,50.74
C5712,2025-03,referral,IN,high,full_price,17,8,active,136.0,9.88
C5713,2025-04,paid_social,US,mid,discount,15,7,active,100.0,37.99
C5714,2025-05,paid_social,IN,mid,full_price,15,6,active,94.0,17.87
C5715,2025-06,paid_social,UK,mid,full_price,13,3,churned,45.0,27.5
C5716,2025-01,paid_social,UK,high,full_price,13,10,active,134.0,31.24
C5717,2025-02,referral,UK,high,full_price,17,9,active,159.0,12.08
C5718,2025-03,search,CA,mid,full_price,17,8,active,158.0,21.37
C5719,2025-04,search,CA,high,full_price,15,7,active,90.0,18.76
C5720,2025-05,paid_social,CA,mid,full_price,17,6,active,106.0,37.5
C5721,2025-06,referral,UK,high,discount,17,5,active,85.0,9.25
C5722,2025-01,paid_social,UK,mid,discount,15,1,churned,21.0,17.33
C5723,2025-02,search,UK,mid,full_price,13,9,active,116.0,30.27
C5724,2025-03,paid_social,IN,mid,discount,17,1,churned,17.0,22.96
C5725,2025-04,paid_social,IN,mid,discount,13,1,churned,0.0,33.92
C5726,2025-05,paid_social,IN,low,discount,13,4,churned,62.0,33.45
C5727,2025-06,paid_social,IN,low,discount,13,3,churned,39.0,35.3
C5728,2025-01,referral,US,high,discount,15,4,churned,60.0,21.6
C5729,2025-02,paid_social,CA,high,full_price,17,9,active,148.0,25.0
C5730,2025-03,referral,IN,high,full_price,17,8,active,127.0,9.63
C5731,2025-04,paid_social,US,low,full_price,13,7,active,91.0,27.01
C5732,2025-05,referral,US,mid,discount,15,3,churned,45.0,10.82
C5733,2025-06,paid_social,US,high,full_price,17,5,active,85.0,38.38
C5734,2025-01,paid_social,US,low,discount,13,4,churned,49.5,28.51
C5735,2025-02,paid_social,CA,low,discount,17,9,active,127.0,39.65
C5736,2025-03,referral,IN,mid,discount,13,1,churned,13.0,15.33
C5737,2025-04,referral,US,mid,discount,15,6,churned,87.25,11.45
C5738,2025-05,paid_social,UK,low,full_price,13,6,active,78.0,26.26
C5739,2025-06,paid_social,US,low,discount,15,1,churned,21.0,31.84
C5740,2025-01,paid_social,CA,low,discount,15,4,churned,60.0,28.18
C5741,2025-02,referral,UK,low,discount,13,6,churned,86.0,14.78
C5742,2025-03,search,CA,mid,full_price,15,8,active,120.0,23.09
C5743,2025-04,paid_social,US,low,discount,15,1,churned,11.25,25.89
C5744,2025-05,paid_social,IN,high,discount,13,6,active,82.0,27.16
C5745,2025-06,paid_social,CA,high,full_price,17,5,active,68.0,21.8
C5746,2025-01,search,CA,low,full_price,13,10,active,121.0,16.82
C5747,2025-02,paid_social,CA,high,full_price,17,2,churned,40.0,21.31
C5748,2025-03,paid_social,US,mid,full_price,15,8,active,134.0,24.01
C5749,2025-04,referral,UK,mid,discount,15,5,churned,87.5,12.53
C5750,2025-05,search,IN,high,full_price,15,6,active,90.0,21.65
C5751,2025-06,paid_social,UK,low,full_price,13,1,churned,9.75,26.38
C5752,2025-01,referral,IN,low,discount,13,1,churned,13.0,12.56
C5753,2025-02,referral,CA,low,discount,13,9,active,129.0,13.21
C5754,2025-03,paid_social,UK,mid,full_price,15,8,active,126.0,34.35
C5755,2025-04,search,UK,high,discount,17,7,active,108.0,19.88
C5756,2025-05,referral,IN,mid,discount,15,6,churned,90.0,14.81
C5757,2025-06,referral,IN,low,discount,13,4,churned,62.75,9.02
C5758,2025-01,paid_social,US,low,full_price,13,10,active,136.0,24.32
C5759,2025-02,referral,US,mid,full_price,15,9,active,120.0,8.39
C5760,2025-03,paid_social,IN,low,full_price,13,8,active,104.0,27.73
C5761,2025-04,referral,US,high,full_price,17,7,active,119.0,8.75
C5762,2025-05,paid_social,IN,high,full_price,15,6,active,90.0,26.14
C5763,2025-06,paid_social,IN,mid,full_price,13,5,active,65.0,20.17
C5764,2025-01,paid_social,US,mid,full_price,13,10,active,135.0,27.21
C5765,2025-02,referral,IN,low,discount,15,9,active,134.0,9.09
C5766,2025-03,search,UK,low,discount,13,8,active,114.0,14.99
C5767,2025-04,paid_social,US,low,discount,13,5,churned,62.5,26.11
C5768,2025-05,search,CA,mid,full_price,15,6,active,96.0,15.5
C5769,2025-06,search,US,mid,full_price,15,5,active,87.0,20.85
C5770,2025-01,search,UK,high,full_price,17,10,churned,178.0,19.39
C5771,2025-02,referral,IN,low,discount,15,2,churned,30.0,15.64
C5772,2025-03,search,US,mid,full_price,15,6,churned,98.0,20.46
C5773,2025-04,search,UK,mid,full_price,13,7,active,103.0,23.64
C5774,2025-05,search,UK,low,discount,17,2,churned,34.0,19.58
C5775,2025-06,paid_social,US,low,discount,13,1,churned,9.75,30.73
C5776,2025-01,referral,IN,mid,discount,15,10,active,145.0,12.83
C5777,2025-02,search,US,mid,full_price,15,9,active,141.0,12.35
C5778,2025-03,referral,US,low,full_price,13,8,active,118.0,19.89
C5779,2025-04,paid_social,UK,mid,full_price,13,7,active,99.0,29.66
C5780,2025-05,search,US,mid,discount,15,6,active,98.0,21.34
C5781,2025-06,search,UK,mid,full_price,15,5,active,81.0,32.35
C5782,2025-01,referral,IN,mid,discount,17,5,churned,99.0,15.12
C5783,2025-02,paid_social,US,low,full_price,13,9,active,137.0,35.67
C5784,2025-03,referral,IN,mid,discount,17,7,churned,145.0,13.54
C5785,2025-04,referral,IN,mid,discount,17,5,churned,84.75,9.4
C5786,2025-05,search,UK,high,discount,15,2,churned,26.25,19.13
C5787,2025-06,referral,US,low,discount,13,5,active,52.0,6.22
C5788,2025-01,paid_social,IN,mid,discount,17,4,churned,34.0,26.6
C5789,2025-02,search,US,mid,full_price,15,9,active,135.0,22.39
C5790,2025-03,search,CA,high,full_price,17,8,active,119.0,21.07
C5791,2025-04,referral,UK,low,discount,15,7,active,109.0,9.85
C5792,2025-05,search,US,high,full_price,15,6,active,75.0,23.72
C5793,2025-06,search,IN,mid,discount,13,3,churned,39.0,17.89
C5794,2025-01,paid_social,IN,mid,discount,15,2,churned,34.0,29.0
C5795,2025-02,search,UK,low,full_price,15,9,active,157.0,21.99
C5796,2025-03,search,IN,high,discount,15,2,churned,36.0,29.2
C5797,2025-04,search,CA,low,full_price,13,5,churned,68.5,19.73
C5798,2025-05,search,IN,mid,discount,15,6,active,81.0,21.58
C5799,2025-06,paid_social,CA,high,discount,15,1,churned,15.0,32.26
